timestamp,cpu_percent,memory_percent,memory_gb,disk_read_mb,disk_write_mb,power_kw,carbon_kg_per_5min,carbon_kg_per_hour
2026-01-09T17:18:24.636445,0.0,46.5,0.41506195068359375,4071.39208984375,6620.228515625,0.0036,0.0001245,0.0014939999999999999
2026-01-09T17:23:25.640387,0.0,45.6,0.40708160400390625,4071.65380859375,6621.185546875,0.0036,0.0001245,0.0014939999999999999
2026-01-09T17:28:26.643001,0.0,45.6,0.4072914123535156,4071.65380859375,6621.544921875,0.0036,0.0001245,0.0014939999999999999
2026-01-09T17:33:27.645420,0.0,45.6,0.407501220703125,4071.65380859375,6622.107421875,0.0036,0.0001245,0.0014939999999999999
2026-01-09T17:38:28.647948,0.0,45.6,0.40747833251953125,4071.65380859375,6622.439453125,0.0036,0.0001245,0.0014939999999999999
2026-01-09T17:43:29.650479,0.0,45.6,0.40746307373046875,4071.65380859375,6622.810546875,0.0036,0.0001245,0.0014939999999999999
2026-01-09T17:48:30.652892,0.0,45.6,0.4074516296386719,4071.65380859375,6623.119140625,0.0036,0.0001245,0.0014939999999999999
2026-01-09T17:53:31.655657,0.0,45.6,0.40743255615234375,4071.65380859375,6623.478515625,0.0036,0.0001245,0.0014939999999999999
2026-01-09T17:58:32.658194,0.0,45.7,0.4079780578613281,4071.78662109375,6624.623046875,0.0036,0.0001245,0.0014939999999999999
2026-01-09T18:03:33.660789,0.0,45.7,0.407928466796875,4071.78662109375,6625.419921875,0.0036,0.0001245,0.0014939999999999999
2026-01-09T18:08:34.663707,0.0,45.7,0.4079170227050781,4071.78662109375,6625.740234375,0.0036,0.0001245,0.0014939999999999999
2026-01-09T18:13:35.666598,0.0,45.7,0.40814971923828125,4071.78662109375,6626.107421875,0.0036,0.0001245,0.0014939999999999999
2026-01-09T18:18:36.669027,0.0,44.9,0.4006538391113281,4071.78662109375,6626.962890625,0.0036,0.0001245,0.0014939999999999999
2026-01-09T18:23:37.671719,0.0,44.9,0.4008598327636719,4071.78662109375,6627.564453125,0.0036,0.0001245,0.0014939999999999999
2026-01-09T18:28:38.674475,0.0,44.9,0.4008445739746094,4071.78662109375,6627.908203125,0.0036,0.0001245,0.0014939999999999999
2026-01-09T18:33:39.676910,0.0,44.9,0.4008369445800781,4071.78662109375,6628.240234375,0.0036,0.0001245,0.0014939999999999999
2026-01-09T18:38:40.679608,0.0,44.9,0.4008331298828125,4071.78662109375,6628.564453125,0.0036,0.0001245,0.0014939999999999999
2026-01-09T18:43:41.682486,0.0,44.9,0.4008064270019531,4071.78662109375,6628.974609375,0.0036,0.0001245,0.0014939999999999999
2026-01-09T18:48:42.685007,0.5,44.9,0.400787353515625,4071.78662109375,6629.669921875,0.003642,0.00012595249999999998,0.0015114299999999998
2026-01-09T18:53:43.687681,0.0,45.8,0.4092750549316406,4072.40771484375,6630.654296875,0.0036,0.0001245,0.0014939999999999999
2026-01-09T18:58:44.690450,0.0,45.9,0.40973663330078125,4072.40771484375,6631.216796875,0.0036,0.0001245,0.0014939999999999999
2026-01-09T19:03:45.693044,0.0,45.9,0.40960693359375,4073.00927734375,6632.572265625,0.0036,0.0001245,0.0014939999999999999
2026-01-09T19:08:46.696013,0.0,45.9,0.40947723388671875,4073.10693359375,6633.556640625,0.0036,0.0001245,0.0014939999999999999
2026-01-09T19:13:47.698697,0.5,45.9,0.40946197509765625,4073.10693359375,6634.029296875,0.003642,0.00012595249999999998,0.0015114299999999998
2026-01-09T19:18:48.701369,0.0,45.9,0.4094429016113281,4073.10693359375,6634.802734375,0.0036,0.0001245,0.0014939999999999999
2026-01-09T19:23:49.704115,0.0,45.9,0.4096221923828125,4073.10693359375,6635.884765625,0.0036,0.0001245,0.0014939999999999999
2026-01-09T19:28:50.706944,0.0,45.9,0.4095954895019531,4073.10693359375,6636.541015625,0.0036,0.0001245,0.0014939999999999999
2026-01-09T19:33:51.709631,0.0,45.9,0.4095649719238281,4073.10693359375,6636.892578125,0.0036,0.0001245,0.0014939999999999999
2026-01-09T19:38:52.712323,0.0,45.9,0.4095497131347656,4073.10693359375,6637.248046875,0.0036,0.0001245,0.0014939999999999999
2026-01-09T19:43:53.715323,0.0,45.9,0.4095191955566406,4073.10693359375,6637.873046875,0.0036,0.0001245,0.0014939999999999999
2026-01-09T19:48:54.718271,0.0,45.9,0.4095191955566406,4073.10693359375,6638.193359375,0.0036,0.0001245,0.0014939999999999999
2026-01-09T19:53:55.720993,0.0,45.9,0.40949249267578125,4073.10693359375,6638.552734375,0.0036,0.0001245,0.0014939999999999999
2026-01-09T19:58:56.723770,0.0,45.9,0.4094734191894531,4073.10693359375,6638.873046875,0.0036,0.0001245,0.0014939999999999999
2026-01-09T20:03:57.726660,0.0,45.9,0.40946197509765625,4073.10693359375,6639.291015625,0.0036,0.0001245,0.0014939999999999999
2026-01-09T20:08:58.729438,0.0,45.9,0.409454345703125,4073.10693359375,6639.619140625,0.0036,0.0001245,0.0014939999999999999
2026-01-09T20:13:59.732471,0.0,45.9,0.4094276428222656,4073.10693359375,6640.150390625,0.0036,0.0001245,0.0014939999999999999
2026-01-09T20:19:00.735565,0.0,45.9,0.40938568115234375,4073.10693359375,6640.806640625,0.0036,0.0001245,0.0014939999999999999
2026-01-09T20:24:01.738485,0.0,45.9,0.40936279296875,4073.10693359375,6641.185546875,0.0036,0.0001245,0.0014939999999999999
2026-01-09T20:29:02.742024,0.0,45.8,0.4092559814453125,4073.10693359375,6642.263671875,0.0036,0.0001245,0.0014939999999999999
2026-01-09T20:34:03.745202,0.0,45.8,0.4092445373535156,4073.10693359375,6642.892578125,0.0036,0.0001245,0.0014939999999999999
2026-01-09T20:39:04.748270,0.0,45.8,0.40923309326171875,4073.10693359375,6643.216796875,0.0036,0.0001245,0.0014939999999999999
2026-01-09T20:44:05.751365,0.0,45.8,0.40921783447265625,4073.10693359375,6643.689453125,0.0036,0.0001245,0.0014939999999999999
2026-01-09T20:49:06.754372,0.0,45.8,0.4091987609863281,4073.10693359375,6644.005859375,0.0036,0.0001245,0.0014939999999999999
2026-01-09T20:54:07.757496,0.0,45.8,0.40918731689453125,4073.10693359375,6644.345703125,0.0036,0.0001245,0.0014939999999999999
2026-01-09T20:59:08.760521,0.0,42.9,0.38283538818359375,4073.10693359375,6646.634765625,0.0036,0.0001245,0.0014939999999999999
2026-01-09T21:04:09.763586,0.0,43.1,0.3847084045410156,4073.10693359375,6647.103515625,0.0036,0.0001245,0.0014939999999999999
2026-01-09T21:09:10.766599,0.0,44.1,0.3940162658691406,4073.10693359375,6648.224609375,0.0036,0.0001245,0.0014939999999999999
2026-01-09T21:14:11.769478,0.0,44.1,0.3939971923828125,4073.10693359375,6648.826171875,0.0036,0.0001245,0.0014939999999999999
2026-01-09T21:19:12.772603,0.0,44.1,0.3938560485839844,4073.10693359375,6649.462890625,0.0036,0.0001245,0.0014939999999999999
2026-01-09T21:24:13.775955,0.0,44.1,0.3938331604003906,4073.10693359375,6649.853515625,0.0036,0.0001245,0.0014939999999999999
2026-01-09T21:29:14.779057,0.0,44.1,0.3938255310058594,4073.10693359375,6650.166015625,0.0036,0.0001245,0.0014939999999999999
2026-01-09T21:34:15.782185,0.0,44.1,0.3938179016113281,4073.10693359375,6650.552734375,0.0036,0.0001245,0.0014939999999999999
2026-01-09T21:39:16.785171,0.0,44.1,0.3937950134277344,4073.10693359375,6651.064453125,0.0036,0.0001245,0.0014939999999999999
2026-01-09T21:44:17.788363,0.0,44.1,0.39376068115234375,4073.10693359375,6651.451171875,0.0036,0.0001245,0.0014939999999999999
2026-01-09T21:49:18.791609,0.5,44.1,0.39374542236328125,4073.10693359375,6651.779296875,0.003642,0.00012595249999999998,0.0015114299999999998
2026-01-09T21:54:19.794720,0.0,44.1,0.39373016357421875,4073.10693359375,6652.126953125,0.0036,0.0001245,0.0014939999999999999
2026-01-09T21:59:20.797658,0.0,44.1,0.3937187194824219,4073.10693359375,6652.455078125,0.0036,0.0001245,0.0014939999999999999
2026-01-09T22:04:21.800951,0.0,44.1,0.39368438720703125,4073.10693359375,6653.083984375,0.0036,0.0001245,0.0014939999999999999
2026-01-09T22:09:22.804253,0.0,48.2,0.4302101135253906,4077.52880859375,6669.462890625,0.0036,0.0001245,0.0014939999999999999
2026-01-09T22:14:23.807511,0.0,47.6,0.42510223388671875,4077.93115234375,6670.119140625,0.0036,0.0001245,0.0014939999999999999
2026-01-09T22:19:24.810684,0.0,47.6,0.4250907897949219,4077.93115234375,6670.701171875,0.0036,0.0001245,0.0014939999999999999
2026-01-09T22:24:25.813928,0.5,47.6,0.42507171630859375,4077.93115234375,6671.095703125,0.003642,0.00012595249999999998,0.0015114299999999998
2026-01-09T22:29:26.817039,0.0,47.6,0.4250602722167969,4077.93115234375,6671.427734375,0.0036,0.0001245,0.0014939999999999999
2026-01-09T22:34:27.820281,0.0,47.6,0.4250526428222656,4077.93115234375,6671.966796875,0.0036,0.0001245,0.0014939999999999999
2026-01-09T22:39:28.823484,0.0,47.6,0.4250335693359375,4077.93115234375,6672.330078125,0.0036,0.0001245,0.0014939999999999999
2026-01-09T22:44:29.826895,0.0,47.6,0.4250144958496094,4077.93115234375,6672.740234375,0.0036,0.0001245,0.0014939999999999999
2026-01-09T22:49:30.830342,0.0,47.6,0.4250068664550781,4077.93115234375,6673.107421875,0.0036,0.0001245,0.0014939999999999999
2026-01-09T22:54:31.833492,0.0,47.6,0.4249839782714844,4077.93115234375,6673.447265625,0.0036,0.0001245,0.0014939999999999999
2026-01-09T22:59:32.836710,0.0,47.6,0.42496490478515625,4077.93115234375,6674.021484375,0.0036,0.0001245,0.0014939999999999999
2026-01-09T23:04:33.840108,0.0,47.6,0.42494964599609375,4077.93115234375,6674.431640625,0.0036,0.0001245,0.0014939999999999999
2026-01-09T23:09:34.843544,0.0,47.6,0.4249458312988281,4077.93115234375,6674.744140625,0.0036,0.0001245,0.0014939999999999999
2026-01-09T23:14:35.847101,0.0,47.6,0.4249267578125,4077.93115234375,6675.103515625,0.0036,0.0001245,0.0014939999999999999
2026-01-09T23:19:36.850456,0.0,47.6,0.4249114990234375,4077.93115234375,6675.697265625,0.0036,0.0001245,0.0014939999999999999
2026-01-09T23:24:37.854007,0.0,47.6,0.4249000549316406,4077.93115234375,6676.115234375,0.0036,0.0001245,0.0014939999999999999
2026-01-09T23:29:38.857278,0.0,47.6,0.4248771667480469,4077.93115234375,6676.642578125,0.0036,0.0001245,0.0014939999999999999
2026-01-09T23:34:39.860689,0.0,47.6,0.4248619079589844,4077.93115234375,6677.005859375,0.0036,0.0001245,0.0014939999999999999
2026-01-09T23:39:40.864071,0.0,46.7,0.4173698425292969,4077.93115234375,6677.513671875,0.0036,0.0001245,0.0014939999999999999
2026-01-09T23:44:41.867446,0.5,46.8,0.4178314208984375,4077.93115234375,6677.904296875,0.003642,0.00012595249999999998,0.0015114299999999998
2026-01-09T23:49:42.870887,0.0,45.9,0.4095001220703125,4079.81787109375,6678.240234375,0.0036,0.0001245,0.0014939999999999999
2026-01-09T23:54:43.874330,0.0,45.7,0.4081001281738281,4081.44677734375,6679.814453125,0.0036,0.0001245,0.0014939999999999999
2026-01-09T23:59:44.877754,0.5,45.0,0.4015693664550781,4081.44677734375,6680.662109375,0.003642,0.00012595249999999998,0.0015114299999999998
2026-01-10T00:04:45.881319,0.0,44.9,0.40128326416015625,4084.18115234375,6682.693359375,0.0036,0.0001245,0.0014939999999999999
2026-01-10T00:09:46.885291,0.0,44.9,0.4006805419921875,4084.57568359375,6683.869140625,0.0036,0.0001245,0.0014939999999999999
2026-01-10T00:14:47.888837,0.0,44.6,0.3981170654296875,4084.57568359375,6684.591796875,0.0036,0.0001245,0.0014939999999999999
2026-01-10T00:19:48.893010,0.0,44.7,0.3992881774902344,4084.57568359375,6685.232421875,0.0036,0.0001245,0.0014939999999999999
2026-01-10T00:24:49.896709,0.0,44.7,0.3992767333984375,4084.57568359375,6685.708984375,0.0036,0.0001245,0.0014939999999999999
2026-01-10T00:29:50.900244,0.0,45.1,0.4030723571777344,4084.57568359375,6686.759765625,0.0036,0.0001245,0.0014939999999999999
2026-01-10T00:34:51.903794,0.0,45.2,0.40351104736328125,4084.57568359375,6687.423828125,0.0036,0.0001245,0.0014939999999999999
2026-01-10T00:39:52.908505,0.0,44.3,0.39582061767578125,4084.57568359375,6687.724609375,0.0036,0.0001245,0.0014939999999999999
2026-01-10T00:44:53.912171,0.0,44.4,0.39604949951171875,4084.57568359375,6688.087890625,0.0036,0.0001245,0.0014939999999999999
2026-01-10T00:49:54.915765,0.0,44.4,0.396484375,4084.57568359375,6688.419921875,0.0036,0.0001245,0.0014939999999999999
2026-01-10T00:54:55.919485,0.0,44.4,0.3961372375488281,4084.57568359375,6689.146484375,0.0036,0.0001245,0.0014939999999999999
2026-01-10T00:59:56.923159,0.0,44.4,0.3963584899902344,4084.57568359375,6689.498046875,0.0036,0.0001245,0.0014939999999999999
2026-01-10T01:04:57.927084,0.0,44.7,0.3994293212890625,4084.57568359375,6690.626953125,0.0036,0.0001245,0.0014939999999999999
2026-01-10T01:09:58.930685,0.5,44.9,0.4006004333496094,4084.57568359375,6691.224609375,0.003642,0.00012595249999999998,0.0015114299999999998
2026-01-10T01:14:59.934265,0.0,44.9,0.4005088806152344,4084.57568359375,6691.599609375,0.0036,0.0001245,0.0014939999999999999
2026-01-10T01:20:00.944990,2.5,44.9,0.40048980712890625,4084.57568359375,6692.400390625,0.0038099999999999996,0.00013176249999999996,0.0015811499999999997
2026-01-10T01:25:01.948885,2.0,44.9,0.400482177734375,4084.57568359375,6692.767578125,0.0037679999999999996,0.00013030999999999996,0.0015637199999999998
2026-01-10T01:30:02.954258,0.0,44.9,0.4004783630371094,4084.57568359375,6693.099609375,0.0036,0.0001245,0.0014939999999999999
2026-01-10T01:35:03.958485,0.0,44.9,0.40068817138671875,4084.57568359375,6693.494140625,0.0036,0.0001245,0.0014939999999999999
2026-01-10T01:40:04.963212,0.0,44.9,0.40068817138671875,4084.57568359375,6693.798828125,0.0036,0.0001245,0.0014939999999999999
2026-01-10T01:45:05.967024,0.0,44.9,0.4006767272949219,4084.57568359375,6694.154296875,0.0036,0.0001245,0.0014939999999999999
2026-01-10T01:50:06.970920,0.0,44.9,0.4006690979003906,4084.57568359375,6694.677734375,0.0036,0.0001245,0.0014939999999999999
2026-01-10T01:55:07.974744,0.0,44.9,0.40065765380859375,4084.57568359375,6695.091796875,0.0036,0.0001245,0.0014939999999999999
2026-01-10T02:00:08.978505,0.0,44.9,0.4006538391113281,4084.57568359375,6695.408203125,0.0036,0.0001245,0.0014939999999999999
2026-01-10T02:05:09.982618,0.0,44.9,0.4006385803222656,4084.57568359375,6695.802734375,0.0036,0.0001245,0.0014939999999999999
2026-01-10T02:10:10.986556,0.0,44.9,0.4006309509277344,4084.57568359375,6696.111328125,0.0036,0.0001245,0.0014939999999999999
2026-01-10T02:15:11.990438,0.0,44.9,0.40061187744140625,4084.57568359375,6696.677734375,0.0036,0.0001245,0.0014939999999999999
2026-01-10T02:20:12.994536,0.0,44.9,0.40057373046875,4084.57568359375,6697.330078125,0.0036,0.0001245,0.0014939999999999999
2026-01-10T02:25:13.998397,0.0,44.9,0.4007911682128906,4084.57568359375,6697.720703125,0.0036,0.0001245,0.0014939999999999999
2026-01-10T02:30:15.002491,0.0,44.9,0.40077972412109375,4084.57568359375,6698.041015625,0.0036,0.0001245,0.0014939999999999999
2026-01-10T02:35:16.006890,1.0,44.9,0.4007606506347656,4084.57568359375,6698.419921875,0.003684,0.00012740499999999998,0.00152886
2026-01-10T02:40:17.010983,0.0,44.9,0.40074920654296875,4084.57568359375,6698.720703125,0.0036,0.0001245,0.0014939999999999999
2026-01-10T02:45:18.015307,0.0,45.2,0.403472900390625,4084.58740234375,6699.708984375,0.0036,0.0001245,0.0014939999999999999
2026-01-10T02:50:19.019423,0.0,45.2,0.4034690856933594,4084.58740234375,6700.330078125,0.0036,0.0001245,0.0014939999999999999
2026-01-10T02:55:20.023505,0.0,45.2,0.4034423828125,4084.58740234375,6700.740234375,0.0036,0.0001245,0.0014939999999999999
2026-01-10T03:00:21.027513,1.5,45.2,0.4034309387207031,4084.58740234375,6701.056640625,0.003726,0.0001288575,0.00154629
2026-01-10T03:05:22.031489,0.0,45.2,0.40341949462890625,4084.58740234375,6701.669921875,0.0036,0.0001245,0.0014939999999999999
2026-01-10T03:10:23.035455,0.0,45.2,0.4033966064453125,4084.58740234375,6701.810546875,0.0036,0.0001245,0.0014939999999999999
2026-01-10T03:15:24.039678,0.5,45.2,0.4033851623535156,4084.58740234375,6702.544921875,0.003642,0.00012595249999999998,0.0015114299999999998
2026-01-10T03:20:25.044551,0.0,45.2,0.40337371826171875,4084.58740234375,6703.380859375,0.0036,0.0001245,0.0014939999999999999
2026-01-10T03:25:26.048540,0.0,45.2,0.4033660888671875,4084.58740234375,6703.494140625,0.0036,0.0001245,0.0014939999999999999
2026-01-10T03:30:27.052808,0.0,45.2,0.4033470153808594,4084.58740234375,6703.861328125,0.0036,0.0001245,0.0014939999999999999
2026-01-10T03:35:28.056813,0.0,45.2,0.4033355712890625,4084.58740234375,6704.439453125,0.0036,0.0001245,0.0014939999999999999
2026-01-10T03:40:29.060833,0.0,45.2,0.4033012390136719,4084.58740234375,6704.787109375,0.0036,0.0001245,0.0014939999999999999
2026-01-10T03:45:30.065188,0.0,45.2,0.40329742431640625,4084.58740234375,6705.189453125,0.0036,0.0001245,0.0014939999999999999
2026-01-10T03:50:31.069215,0.0,45.2,0.4032745361328125,4084.58740234375,6705.751953125,0.0036,0.0001245,0.0014939999999999999
2026-01-10T03:55:32.073201,0.0,45.2,0.4031333923339844,4084.58740234375,6706.619140625,0.0036,0.0001245,0.0014939999999999999
2026-01-10T04:00:33.077337,0.0,44.3,0.3954200744628906,4084.58740234375,6706.994140625,0.0036,0.0001245,0.0014939999999999999
2026-01-10T04:05:34.081544,0.0,44.6,0.3980064392089844,4084.58740234375,6707.759765625,0.0036,0.0001245,0.0014939999999999999
2026-01-10T04:10:35.085646,0.0,44.6,0.397979736328125,4084.58740234375,6708.111328125,0.0036,0.0001245,0.0014939999999999999
2026-01-10T04:15:36.090389,0.0,44.6,0.3979644775390625,4084.58740234375,6708.728515625,0.0036,0.0001245,0.0014939999999999999
2026-01-10T04:20:37.094592,0.0,44.6,0.3979225158691406,4084.58740234375,6709.365234375,0.0036,0.0001245,0.0014939999999999999
2026-01-10T04:25:38.098818,0.0,44.7,0.3988304138183594,4084.58740234375,6710.392578125,0.0036,0.0001245,0.0014939999999999999
2026-01-10T04:30:39.103062,0.0,44.7,0.3987998962402344,4084.58740234375,6710.830078125,0.0036,0.0001245,0.0014939999999999999
2026-01-10T04:35:40.107358,0.0,44.7,0.3987770080566406,4084.58740234375,6711.634765625,0.0036,0.0001245,0.0014939999999999999
2026-01-10T04:40:41.112015,0.0,43.4,0.38780975341796875,4084.58740234375,6712.001953125,0.0036,0.0001245,0.0014939999999999999
2026-01-10T04:45:42.116226,0.0,43.4,0.3877983093261719,4084.58740234375,6712.603515625,0.0036,0.0001245,0.0014939999999999999
2026-01-10T04:50:43.120441,0.0,43.4,0.387786865234375,4084.58740234375,6712.720703125,0.0036,0.0001245,0.0014939999999999999
2026-01-10T04:55:44.124752,0.0,43.4,0.38777923583984375,4084.58740234375,6713.279296875,0.0036,0.0001245,0.0014939999999999999
2026-01-10T05:00:45.129058,0.0,43.4,0.3877677917480469,4084.58740234375,6713.376953125,0.0036,0.0001245,0.0014939999999999999
2026-01-10T05:05:46.133241,0.0,43.4,0.3877449035644531,4084.58740234375,6714.134765625,0.0036,0.0001245,0.0014939999999999999
2026-01-10T05:10:47.137352,0.0,43.5,0.3884620666503906,4084.58740234375,6714.228515625,0.0036,0.0001245,0.0014939999999999999
2026-01-10T05:15:48.141560,0.0,43.5,0.388458251953125,4084.58740234375,6714.806640625,0.0036,0.0001245,0.0014939999999999999
2026-01-10T05:20:49.146014,0.0,43.5,0.3886756896972656,4084.58740234375,6715.216796875,0.0036,0.0001245,0.0014939999999999999
2026-01-10T05:25:50.150473,0.0,43.5,0.3886528015136719,4084.58740234375,6715.849609375,0.0036,0.0001245,0.0014939999999999999
2026-01-10T05:30:51.154619,0.0,43.7,0.39031982421875,4084.58740234375,6716.431640625,0.0036,0.0001245,0.0014939999999999999
2026-01-10T05:35:52.158911,0.0,43.7,0.3905372619628906,4084.58740234375,6716.818359375,0.0036,0.0001245,0.0014939999999999999
2026-01-10T05:40:53.163132,0.0,44.2,0.39455413818359375,4084.58740234375,6717.849609375,0.0036,0.0001245,0.0014939999999999999
2026-01-10T05:45:54.167691,0.0,44.2,0.394500732421875,4084.59130859375,6718.916015625,0.0036,0.0001245,0.0014939999999999999
2026-01-10T05:50:55.172274,0.0,44.2,0.3944740295410156,4084.59130859375,6719.302734375,0.0036,0.0001245,0.0014939999999999999
2026-01-10T05:55:56.176721,0.0,44.2,0.3944664001464844,4084.59130859375,6719.642578125,0.0036,0.0001245,0.0014939999999999999
2026-01-10T06:00:57.181067,0.0,44.2,0.39443206787109375,4084.59130859375,6720.212890625,0.0036,0.0001245,0.0014939999999999999
2026-01-10T06:05:58.185427,0.0,45.7,0.4083442687988281,4090.59912109375,6721.935546875,0.0036,0.0001245,0.0014939999999999999
2026-01-10T06:10:59.190458,0.0,48.5,0.43274688720703125,4093.95068359375,6722.630859375,0.0036,0.0001245,0.0014939999999999999
2026-01-10T06:16:00.196463,0.0,48.4,0.43204498291015625,4093.95068359375,6723.048828125,0.0036,0.0001245,0.0014939999999999999
2026-01-10T06:21:01.201154,0.0,48.3,0.43129730224609375,4093.95068359375,6723.994140625,0.0036,0.0001245,0.0014939999999999999
2026-01-10T06:26:02.208021,0.0,48.3,0.4312744140625,4093.95068359375,6724.650390625,0.0036,0.0001245,0.0014939999999999999
2026-01-10T06:31:03.214238,0.0,48.3,0.4312477111816406,4093.95068359375,6725.025390625,0.0036,0.0001245,0.0014939999999999999
2026-01-10T06:36:04.218882,0.0,48.3,0.43123626708984375,4093.95068359375,6725.380859375,0.0036,0.0001245,0.0014939999999999999
2026-01-10T06:41:05.223909,0.0,48.3,0.4312171936035156,4093.95068359375,6725.716796875,0.0036,0.0001245,0.0014939999999999999
2026-01-10T06:46:06.228451,0.0,48.3,0.43120574951171875,4093.95068359375,6726.083984375,0.0036,0.0001245,0.0014939999999999999
2026-01-10T06:51:07.233005,0.5,48.2,0.4305458068847656,4093.95068359375,6727.111328125,0.003642,0.00012595249999999998,0.0015114299999999998
2026-01-10T06:56:08.237673,0.0,46.6,0.41597747802734375,4093.95068359375,6727.962890625,0.0036,0.0001245,0.0014939999999999999
2026-01-10T07:01:09.242350,0.0,46.6,0.41595458984375,4093.95068359375,6728.345703125,0.0036,0.0001245,0.0014939999999999999
2026-01-10T07:06:10.246841,0.0,46.6,0.4161643981933594,4093.95068359375,6728.767578125,0.0036,0.0001245,0.0014939999999999999
2026-01-10T07:11:11.251458,0.0,46.6,0.4161491394042969,4093.95068359375,6729.126953125,0.0036,0.0001245,0.0014939999999999999
2026-01-10T07:16:12.256155,0.0,46.6,0.4161262512207031,4093.95068359375,6729.470703125,0.0036,0.0001245,0.0014939999999999999
2026-01-10T07:21:13.260711,0.0,46.6,0.4160919189453125,4093.95068359375,6730.341796875,0.0036,0.0001245,0.0014939999999999999
2026-01-10T07:26:14.265355,0.0,46.6,0.41606903076171875,4093.95068359375,6730.775390625,0.0036,0.0001245,0.0014939999999999999
2026-01-10T07:31:15.270015,0.0,46.6,0.41605377197265625,4093.95068359375,6731.142578125,0.0036,0.0001245,0.0014939999999999999
2026-01-10T07:36:16.274550,0.0,46.6,0.4160346984863281,4093.95068359375,6731.498046875,0.0036,0.0001245,0.0014939999999999999
2026-01-10T07:41:17.279068,0.0,46.6,0.416015625,4093.95068359375,6731.857421875,0.0036,0.0001245,0.0014939999999999999
2026-01-10T07:46:18.284008,0.0,46.6,0.4160041809082031,4093.95068359375,6732.224609375,0.0036,0.0001245,0.0014939999999999999
2026-01-10T07:51:19.288593,0.0,46.6,0.41599273681640625,4093.95068359375,6732.779296875,0.0036,0.0001245,0.0014939999999999999
2026-01-10T07:56:20.293278,0.0,46.6,0.4159889221191406,4093.95068359375,6733.193359375,0.0036,0.0001245,0.0014939999999999999
2026-01-10T08:01:21.298150,1.0,46.6,0.4164161682128906,4093.95068359375,6734.216796875,0.003684,0.00012740499999999998,0.00152886
2026-01-10T08:06:22.303270,0.0,46.6,0.4164009094238281,4093.95068359375,6734.908203125,0.0036,0.0001245,0.0014939999999999999
2026-01-10T08:11:23.307853,0.0,46.6,0.41638946533203125,4093.95068359375,6735.263671875,0.0036,0.0001245,0.0014939999999999999
2026-01-10T08:16:24.312536,0.0,46.6,0.4163703918457031,4093.95068359375,6735.724609375,0.0036,0.0001245,0.0014939999999999999
2026-01-10T08:21:25.317253,0.0,46.6,0.41635894775390625,4093.95068359375,6736.376953125,0.0036,0.0001245,0.0014939999999999999
2026-01-10T08:26:26.322207,0.0,45.1,0.4022216796875,4093.95068359375,6736.994140625,0.0036,0.0001245,0.0014939999999999999
2026-01-10T08:31:27.326922,0.0,45.1,0.4022064208984375,4093.95068359375,6737.365234375,0.0036,0.0001245,0.0014939999999999999
2026-01-10T08:36:28.332636,0.0,45.1,0.4022026062011719,4093.95068359375,6737.716796875,0.0036,0.0001245,0.0014939999999999999
2026-01-10T08:41:29.337276,0.0,45.1,0.40264129638671875,4093.95068359375,6738.392578125,0.0036,0.0001245,0.0014939999999999999
2026-01-10T08:46:30.342447,0.0,45.1,0.4028587341308594,4093.95068359375,6739.318359375,0.0036,0.0001245,0.0014939999999999999
2026-01-10T08:51:31.347072,0.0,45.1,0.4028472900390625,4093.95068359375,6739.880859375,0.0036,0.0001245,0.0014939999999999999
2026-01-10T08:56:32.351900,0.0,45.1,0.4028358459472656,4093.95068359375,6740.279296875,0.0036,0.0001245,0.0014939999999999999
2026-01-10T09:01:33.356783,0.5,45.1,0.40280914306640625,4093.95068359375,6740.681640625,0.003642,0.00012595249999999998,0.0015114299999999998
2026-01-10T09:06:34.361619,0.0,45.1,0.402801513671875,4093.95068359375,6741.259765625,0.0036,0.0001245,0.0014939999999999999
2026-01-10T09:11:35.367080,0.0,45.1,0.4027824401855469,4093.95068359375,6741.642578125,0.0036,0.0001245,0.0014939999999999999
2026-01-10T09:16:36.372152,0.0,45.1,0.40277099609375,4093.95068359375,6742.048828125,0.0036,0.0001245,0.0014939999999999999
2026-01-10T09:21:37.377286,0.0,45.1,0.4027595520019531,4093.95068359375,6742.724609375,0.0036,0.0001245,0.0014939999999999999
2026-01-10T09:26:38.383889,0.0,45.1,0.4027442932128906,4093.95068359375,6743.099609375,0.0036,0.0001245,0.0014939999999999999
2026-01-10T09:31:39.389018,0.0,45.1,0.4027366638183594,4093.95068359375,6743.490234375,0.0036,0.0001245,0.0014939999999999999
2026-01-10T09:36:40.394014,0.0,45.1,0.4027099609375,4093.95068359375,6744.052734375,0.0036,0.0001245,0.0014939999999999999
2026-01-10T09:41:41.399028,0.0,45.1,0.4026947021484375,4093.95068359375,6744.439453125,0.0036,0.0001245,0.0014939999999999999
2026-01-10T09:46:42.403899,0.0,45.1,0.4026908874511719,4093.95068359375,6744.794921875,0.0036,0.0001245,0.0014939999999999999
2026-01-10T09:51:43.408953,0.0,45.6,0.40676116943359375,4096.72802734375,6749.162109375,0.0036,0.0001245,0.0014939999999999999
2026-01-10T09:56:44.414051,0.0,45.6,0.4067535400390625,4096.72802734375,6749.794921875,0.0036,0.0001245,0.0014939999999999999
2026-01-10T10:01:45.418936,0.0,45.6,0.4067268371582031,4096.72802734375,6750.388671875,0.0036,0.0001245,0.0014939999999999999
2026-01-10T10:06:46.424016,0.0,45.6,0.4067192077636719,4096.72802734375,6750.806640625,0.0036,0.0001245,0.0014939999999999999
2026-01-10T10:11:47.428921,0.0,45.6,0.406707763671875,4096.72802734375,6751.185546875,0.0036,0.0001245,0.0014939999999999999
2026-01-10T10:16:48.434157,0.5,45.6,0.4067039489746094,4096.72802734375,6751.533203125,0.003642,0.00012595249999999998,0.0015114299999999998
2026-01-10T10:21:49.442836,0.0,45.6,0.4069366455078125,4096.72802734375,6752.169921875,0.0036,0.0001245,0.0014939999999999999
2026-01-10T10:26:50.447870,0.0,45.6,0.40692138671875,4096.72802734375,6752.572265625,0.0036,0.0001245,0.0014939999999999999
2026-01-10T10:31:51.452897,0.0,45.7,0.4075965881347656,4096.72802734375,6753.880859375,0.0036,0.0001245,0.0014939999999999999
2026-01-10T10:36:52.458015,0.5,44.9,0.4005889892578125,4096.72802734375,6754.669921875,0.003642,0.00012595249999999998,0.0015114299999999998
2026-01-10T10:41:53.463127,0.0,44.9,0.40058135986328125,4096.72802734375,6755.095703125,0.0036,0.0001245,0.0014939999999999999
2026-01-10T10:46:54.468164,0.0,44.9,0.4005622863769531,4096.72802734375,6755.455078125,0.0036,0.0001245,0.0014939999999999999
2026-01-10T10:51:55.473211,0.0,44.9,0.4005546569824219,4096.72802734375,6755.810546875,0.0036,0.0001245,0.0014939999999999999
2026-01-10T10:56:56.478334,0.0,44.9,0.4005470275878906,4096.72802734375,6756.146484375,0.0036,0.0001245,0.0014939999999999999
2026-01-10T11:01:57.483571,0.0,44.9,0.4005317687988281,4096.72802734375,6756.755859375,0.0036,0.0001245,0.0014939999999999999
2026-01-10T11:06:58.488993,0.0,45.0,0.4021759033203125,4096.72802734375,6757.759765625,0.0036,0.0001245,0.0014939999999999999
2026-01-10T11:11:59.494113,0.0,44.2,0.3944740295410156,4096.72802734375,6758.248046875,0.0036,0.0001245,0.0014939999999999999
2026-01-10T11:17:00.499325,0.5,44.2,0.39469146728515625,4096.72802734375,6758.654296875,0.003642,0.00012595249999999998,0.0015114299999999998
2026-01-10T11:22:01.518182,0.0,44.2,0.3946685791015625,4096.72802734375,6759.310546875,0.0036,0.0001245,0.0014939999999999999
2026-01-10T11:27:02.526216,0.5,43.4,0.38764190673828125,4096.72802734375,6759.974609375,0.003642,0.00012595249999999998,0.0015114299999999998
2026-01-10T11:32:03.531804,0.5,43.4,0.38762664794921875,4096.72802734375,6760.353515625,0.003642,0.00012595249999999998,0.0015114299999999998
2026-01-10T11:37:04.537459,0.0,43.4,0.3878593444824219,4096.72802734375,6760.689453125,0.0036,0.0001245,0.0014939999999999999
2026-01-10T11:42:05.542566,0.0,43.5,0.3885650634765625,4096.72802734375,6761.111328125,0.0036,0.0001245,0.0014939999999999999
2026-01-10T11:47:06.552009,0.0,43.5,0.3885536193847656,4096.72802734375,6761.458984375,0.0036,0.0001245,0.0014939999999999999
2026-01-10T11:52:07.557299,0.0,43.5,0.3885307312011719,4096.72802734375,6762.072265625,0.0036,0.0001245,0.0014939999999999999
2026-01-10T11:57:08.562510,0.0,43.5,0.3885231018066406,4096.72802734375,6762.587890625,0.0036,0.0001245,0.0014939999999999999
2026-01-10T12:02:09.567721,0.5,43.5,0.3887481689453125,4096.72802734375,6763.005859375,0.003642,0.00012595249999999998,0.0015114299999999998
2026-01-10T12:07:10.572886,0.0,45.4,0.40540313720703125,4096.84521484375,6763.748046875,0.0036,0.0001245,0.0014939999999999999
2026-01-10T12:12:11.578007,0.0,45.4,0.4053916931152344,4096.84521484375,6764.146484375,0.0036,0.0001245,0.0014939999999999999
2026-01-10T12:17:12.583448,0.0,45.4,0.405364990234375,4096.84521484375,6764.685546875,0.0036,0.0001245,0.0014939999999999999
2026-01-10T12:22:13.589005,0.0,45.4,0.40534210205078125,4096.84521484375,6765.337890625,0.0036,0.0001245,0.0014939999999999999
2026-01-10T12:27:14.594319,0.0,45.4,0.4053230285644531,4096.84521484375,6765.701171875,0.0036,0.0001245,0.0014939999999999999
2026-01-10T12:32:15.599626,0.0,45.4,0.40529632568359375,4096.84521484375,6766.142578125,0.0036,0.0001245,0.0014939999999999999
2026-01-10T12:37:16.604903,0.5,43.9,0.3917427062988281,4096.86474609375,6766.830078125,0.003642,0.00012595249999999998,0.0015114299999999998
2026-01-10T12:42:17.610418,0.5,44.3,0.39524078369140625,4096.86474609375,6767.884765625,0.003642,0.00012595249999999998,0.0015114299999999998
2026-01-10T12:47:18.615869,0.5,44.3,0.3952293395996094,4096.86474609375,6768.728515625,0.003642,0.00012595249999999998,0.0015114299999999998
2026-01-10T12:52:19.621492,0.0,44.3,0.3952178955078125,4096.86474609375,6769.154296875,0.0036,0.0001245,0.0014939999999999999
2026-01-10T12:57:20.626895,0.0,44.3,0.3952064514160156,4096.86474609375,6769.509765625,0.0036,0.0001245,0.0014939999999999999
2026-01-10T13:02:21.632369,0.0,44.3,0.3951988220214844,4096.86474609375,6769.873046875,0.0036,0.0001245,0.0014939999999999999
2026-01-10T13:07:22.637699,0.0,43.4,0.3877830505371094,4096.86474609375,6771.958984375,0.0036,0.0001245,0.0014939999999999999
2026-01-10T13:12:23.643257,0.0,43.3,0.38674163818359375,4096.86474609375,6774.689453125,0.0036,0.0001245,0.0014939999999999999
2026-01-10T13:17:24.648647,0.0,43.4,0.38750457763671875,4096.86474609375,6777.978515625,0.0036,0.0001245,0.0014939999999999999
2026-01-10T13:22:25.654012,0.0,43.3,0.3867988586425781,4096.86474609375,6781.361328125,0.0036,0.0001245,0.0014939999999999999
2026-01-10T13:27:26.659425,1.0,43.3,0.386688232421875,4096.86474609375,6784.025390625,0.003684,0.00012740499999999998,0.00152886
2026-01-10T13:32:27.664873,1.0,43.3,0.38651275634765625,4096.86474609375,6786.689453125,0.003684,0.00012740499999999998,0.00152886
2026-01-10T13:37:28.673468,0.5,43.9,0.3921089172363281,4096.86474609375,6790.001953125,0.003642,0.00012595249999999998,0.0015114299999999998
2026-01-10T13:42:29.678898,0.0,43.9,0.39203643798828125,4096.86474609375,6791.880859375,0.0036,0.0001245,0.0014939999999999999
2026-01-10T13:47:30.684470,0.0,44.0,0.3925018310546875,4096.86474609375,6792.275390625,0.0036,0.0001245,0.0014939999999999999
2026-01-10T13:52:31.690032,0.0,44.1,0.3941612243652344,4096.86474609375,6792.669921875,0.0036,0.0001245,0.0014939999999999999
2026-01-10T13:57:32.695481,0.0,44.2,0.3943824768066406,4096.86474609375,6793.025390625,0.0036,0.0001245,0.0014939999999999999
2026-01-10T14:02:33.720792,0.0,44.2,0.3943672180175781,4096.86474609375,6793.423828125,0.0036,0.0001245,0.0014939999999999999
2026-01-10T14:07:34.726326,0.0,44.8,0.3998565673828125,4096.86865234375,6794.513671875,0.0036,0.0001245,0.0014939999999999999
2026-01-10T14:12:35.731899,0.0,44.8,0.4000663757324219,4096.86865234375,6795.408203125,0.0036,0.0001245,0.0014939999999999999
2026-01-10T14:17:36.738906,0.0,44.8,0.4000434875488281,4096.86865234375,6796.041015625,0.0036,0.0001245,0.0014939999999999999
2026-01-10T14:22:37.744748,0.0,44.8,0.4000358581542969,4096.86865234375,6796.455078125,0.0036,0.0001245,0.0014939999999999999
2026-01-10T14:27:38.750356,0.0,44.8,0.40026092529296875,4096.86865234375,6796.818359375,0.0036,0.0001245,0.0014939999999999999
2026-01-10T14:32:39.755985,0.5,44.1,0.39371490478515625,4096.86865234375,6797.431640625,0.003642,0.00012595249999999998,0.0015114299999999998
2026-01-10T14:37:40.761511,0.0,44.3,0.39513397216796875,4096.86865234375,6797.994140625,0.0036,0.0001245,0.0014939999999999999
2026-01-10T14:42:41.767518,0.0,44.3,0.3951148986816406,4096.86865234375,6798.380859375,0.0036,0.0001245,0.0014939999999999999
2026-01-10T14:47:42.773194,0.0,44.3,0.3953514099121094,4096.86865234375,6798.732421875,0.0036,0.0001245,0.0014939999999999999
2026-01-10T14:52:43.778868,0.0,44.3,0.3953285217285156,4096.86865234375,6799.150390625,0.0036,0.0001245,0.0014939999999999999
2026-01-10T14:57:44.784630,0.0,44.3,0.3955574035644531,4096.86865234375,6799.505859375,0.0036,0.0001245,0.0014939999999999999
2026-01-10T15:02:45.790242,0.0,44.3,0.39554595947265625,4096.86865234375,6800.080078125,0.0036,0.0001245,0.0014939999999999999
2026-01-10T15:07:46.795717,0.0,44.3,0.39553070068359375,4096.86865234375,6800.478515625,0.0036,0.0001245,0.0014939999999999999
2026-01-10T15:12:47.801461,0.0,44.3,0.395751953125,4096.86865234375,6800.912109375,0.0036,0.0001245,0.0014939999999999999
2026-01-10T15:17:48.807147,0.0,44.3,0.3957366943359375,4096.86865234375,6801.525390625,0.0036,0.0001245,0.0014939999999999999
2026-01-10T15:22:49.812879,0.0,44.7,0.39894866943359375,4096.86865234375,6802.607421875,0.0036,0.0001245,0.0014939999999999999
2026-01-10T15:27:50.818529,0.0,44.7,0.3989295959472656,4096.86865234375,6803.376953125,0.0036,0.0001245,0.0014939999999999999
2026-01-10T15:32:51.824237,0.5,44.7,0.3991279602050781,4096.86865234375,6803.798828125,0.003642,0.00012595249999999998,0.0015114299999999998
2026-01-10T15:37:52.830011,0.0,44.6,0.3984489440917969,4096.86865234375,6804.587890625,0.0036,0.0001245,0.0014939999999999999
2026-01-10T15:42:53.835864,0.0,44.6,0.3984375,4096.86865234375,6804.951171875,0.0036,0.0001245,0.0014939999999999999
2026-01-10T15:47:54.841662,0.0,44.6,0.3984336853027344,4096.86865234375,6805.294921875,0.0036,0.0001245,0.0014939999999999999
2026-01-10T15:52:55.847572,0.0,44.6,0.3984107971191406,4096.86865234375,6805.892578125,0.0036,0.0001245,0.0014939999999999999
2026-01-10T15:57:56.853697,0.5,44.6,0.3984031677246094,4096.86865234375,6806.244140625,0.003642,0.00012595249999999998,0.0015114299999999998
2026-01-10T16:02:57.859954,0.0,47.9,0.427825927734375,4600.04833984375,7079.552734375,0.0036,0.0001245,0.0014939999999999999
2026-01-10T16:07:58.866899,0.0,47.6,0.42511749267578125,4600.35693359375,7080.185546875,0.0036,0.0001245,0.0014939999999999999
2026-01-10T16:12:59.872773,0.0,47.6,0.4253196716308594,4600.36083984375,7080.607421875,0.0036,0.0001245,0.0014939999999999999
2026-01-10T16:18:00.878794,0.0,47.7,0.4255256652832031,4600.36083984375,7081.271484375,0.0036,0.0001245,0.0014939999999999999
2026-01-10T16:23:01.894131,0.5,46.8,0.4177284240722656,4600.59912109375,7082.369140625,0.003642,0.00012595249999999998,0.0015114299999999998
2026-01-10T16:28:02.900080,0.0,46.0,0.4103965759277344,4616.92333984375,7083.333984375,0.0036,0.0001245,0.0014939999999999999
2026-01-10T16:33:03.906082,0.0,46.0,0.41036224365234375,4616.92333984375,7083.865234375,0.0036,0.0001245,0.0014939999999999999
2026-01-10T16:38:04.912038,0.0,46.0,0.4103584289550781,4616.92333984375,7084.205078125,0.0036,0.0001245,0.0014939999999999999
2026-01-10T16:43:05.918139,0.0,46.0,0.4103355407714844,4616.92333984375,7084.568359375,0.0036,0.0001245,0.0014939999999999999
2026-01-10T16:48:06.924334,0.0,46.0,0.4103240966796875,4616.92333984375,7084.927734375,0.0036,0.0001245,0.0014939999999999999
2026-01-10T16:53:07.930301,0.0,46.0,0.4103050231933594,4616.92333984375,7085.431640625,0.0036,0.0001245,0.0014939999999999999
2026-01-10T16:58:08.942074,0.0,46.0,0.4102783203125,4616.92333984375,7085.791015625,0.0036,0.0001245,0.0014939999999999999
2026-01-10T17:03:09.951268,0.0,46.0,0.41025543212890625,4616.92333984375,7086.189453125,0.0036,0.0001245,0.0014939999999999999
2026-01-10T17:08:10.957425,0.0,46.0,0.4104499816894531,4616.92333984375,7087.314453125,0.0036,0.0001245,0.0014939999999999999
2026-01-10T17:13:11.963432,0.0,46.0,0.4104156494140625,4616.92333984375,7087.994140625,0.0036,0.0001245,0.0014939999999999999
2026-01-10T17:18:12.969467,0.0,46.0,0.41040802001953125,4616.92333984375,7088.662109375,0.0036,0.0001245,0.0014939999999999999
2026-01-10T17:23:13.975597,0.0,46.0,0.41037750244140625,4616.92333984375,7089.294921875,0.0036,0.0001245,0.0014939999999999999
2026-01-10T17:28:14.981948,0.0,46.0,0.4103584289550781,4616.92333984375,7089.724609375,0.0036,0.0001245,0.0014939999999999999
2026-01-10T17:33:15.988007,0.0,44.0,0.3931617736816406,4617.01318359375,7090.162109375,0.0036,0.0001245,0.0014939999999999999
2026-01-10T17:38:16.994038,0.0,43.4,0.3871421813964844,4617.01318359375,7090.708984375,0.0036,0.0001245,0.0014939999999999999
2026-01-10T17:43:18.000048,0.0,43.4,0.3878517150878906,4617.01318359375,7091.080078125,0.0036,0.0001245,0.0014939999999999999
2026-01-10T17:48:19.006341,0.0,43.4,0.3878517150878906,4617.01318359375,7091.443359375,0.0036,0.0001245,0.0014939999999999999
2026-01-10T17:53:20.014000,0.0,43.5,0.3880767822265625,4617.01318359375,7092.052734375,0.0036,0.0001245,0.0014939999999999999
2026-01-10T17:58:21.020377,0.0,43.7,0.3897438049316406,4617.01318359375,7092.451171875,0.0036,0.0001245,0.0014939999999999999
2026-01-10T18:03:22.026717,0.0,43.7,0.3897285461425781,4617.01318359375,7092.845703125,0.0036,0.0001245,0.0014939999999999999
2026-01-10T18:08:23.032826,0.0,43.7,0.3897209167480469,4617.01318359375,7093.240234375,0.0036,0.0001245,0.0014939999999999999
2026-01-10T18:13:24.039421,0.0,43.6,0.3896980285644531,4617.01318359375,7093.673828125,0.0036,0.0001245,0.0014939999999999999
2026-01-10T18:18:25.045658,0.0,44.1,0.3939666748046875,4617.01708984375,7095.146484375,0.0036,0.0001245,0.0014939999999999999
2026-01-10T18:23:26.052063,0.0,44.1,0.393951416015625,4617.01708984375,7095.830078125,0.0036,0.0001245,0.0014939999999999999
2026-01-10T18:28:27.060305,0.0,44.1,0.3939247131347656,4617.01708984375,7096.185546875,0.0036,0.0001245,0.0014939999999999999
2026-01-10T18:33:28.067839,1.0,44.1,0.3937835693359375,4617.01708984375,7096.615234375,0.003684,0.00012740499999999998,0.00152886
2026-01-10T18:38:29.074005,0.0,44.1,0.3937797546386719,4617.01708984375,7096.962890625,0.0036,0.0001245,0.0014939999999999999
2026-01-10T18:43:30.080434,0.0,44.1,0.39376068115234375,4617.01708984375,7097.595703125,0.0036,0.0001245,0.0014939999999999999
2026-01-10T18:48:31.086755,0.0,43.7,0.3898582458496094,4617.01708984375,7098.373046875,0.0036,0.0001245,0.0014939999999999999
2026-01-10T18:53:32.092870,0.0,45.1,0.4023399353027344,4620.17724609375,7099.439453125,0.0036,0.0001245,0.0014939999999999999
2026-01-10T18:58:33.099223,0.0,45.1,0.4023323059082031,4620.17724609375,7099.833984375,0.0036,0.0001245,0.0014939999999999999
2026-01-10T19:03:34.105474,0.0,44.9,0.4012947082519531,4621.21630859375,7100.650390625,0.0036,0.0001245,0.0014939999999999999
2026-01-10T19:08:35.111874,0.0,44.9,0.40114593505859375,4621.34130859375,7101.416015625,0.0036,0.0001245,0.0014939999999999999
2026-01-10T19:13:36.118556,0.0,45.1,0.4027252197265625,4621.39990234375,7102.623046875,0.0036,0.0001245,0.0014939999999999999
2026-01-10T19:18:37.124791,0.0,45.1,0.4026985168457031,4621.39990234375,7103.591796875,0.0036,0.0001245,0.0014939999999999999
2026-01-10T19:23:38.131234,0.0,45.1,0.4026832580566406,4621.39990234375,7103.982421875,0.0036,0.0001245,0.0014939999999999999
2026-01-10T19:28:39.137498,0.0,45.1,0.40265655517578125,4621.39990234375,7104.396484375,0.0036,0.0001245,0.0014939999999999999
2026-01-10T19:33:40.143929,0.0,43.3,0.3865203857421875,4621.39990234375,7105.021484375,0.0036,0.0001245,0.0014939999999999999
2026-01-10T19:38:41.150257,0.0,43.4,0.38722991943359375,4621.39990234375,7105.607421875,0.0036,0.0001245,0.0014939999999999999
2026-01-10T19:43:42.159417,1.0,43.1,0.3845977783203125,4621.39990234375,7106.173828125,0.003684,0.00012740499999999998,0.00152886
2026-01-10T19:48:43.165683,0.0,43.2,0.38602447509765625,4621.39990234375,7106.556640625,0.0036,0.0001245,0.0014939999999999999
2026-01-10T19:53:44.172302,0.0,43.3,0.3869781494140625,4621.39990234375,7106.962890625,0.0036,0.0001245,0.0014939999999999999
2026-01-10T19:58:45.178704,0.0,43.4,0.3872108459472656,4621.39990234375,7107.306640625,0.0036,0.0001245,0.0014939999999999999
2026-01-10T20:03:46.185032,0.5,43.4,0.38718414306640625,4621.39990234375,7107.919921875,0.003642,0.00012595249999999998,0.0015114299999999998
2026-01-10T20:08:47.191537,0.0,43.4,0.3871650695800781,4621.39990234375,7108.341796875,0.0036,0.0001245,0.0014939999999999999
2026-01-10T20:13:48.198735,0.0,44.1,0.3935890197753906,4621.40380859375,7109.009765625,0.0036,0.0001245,0.0014939999999999999
2026-01-10T20:18:49.205424,0.0,44.2,0.39501190185546875,4621.40380859375,7110.169921875,0.0036,0.0001245,0.0014939999999999999
2026-01-10T20:23:50.211943,0.0,44.2,0.3950080871582031,4621.40380859375,7110.802734375,0.0036,0.0001245,0.0014939999999999999
2026-01-10T20:28:51.218479,0.0,44.2,0.3950004577636719,4621.40380859375,7111.201171875,0.0036,0.0001245,0.0014939999999999999
2026-01-10T20:33:52.224858,0.0,44.3,0.395172119140625,4621.46435546875,7111.873046875,0.0036,0.0001245,0.0014939999999999999
2026-01-10T20:38:53.231470,0.0,44.3,0.3951606750488281,4621.46435546875,7112.232421875,0.0036,0.0001245,0.0014939999999999999
2026-01-10T20:43:54.238056,0.0,44.3,0.3951416015625,4621.46435546875,7112.634765625,0.0036,0.0001245,0.0014939999999999999
2026-01-10T20:48:55.244885,0.0,44.3,0.39513397216796875,4621.46435546875,7112.986328125,0.0036,0.0001245,0.0014939999999999999
2026-01-10T20:53:56.251446,0.0,44.3,0.39511871337890625,4621.46435546875,7113.400390625,0.0036,0.0001245,0.0014939999999999999
2026-01-10T20:58:57.258025,0.0,44.3,0.3950996398925781,4621.46435546875,7113.986328125,0.0036,0.0001245,0.0014939999999999999
2026-01-10T21:03:58.264627,0.5,44.3,0.39508819580078125,4621.46435546875,7114.400390625,0.003642,0.00012595249999999998,0.0015114299999999998
2026-01-10T21:08:59.271188,0.5,44.3,0.3950843811035156,4621.46435546875,7114.841796875,0.003642,0.00012595249999999998,0.0015114299999999998
2026-01-10T21:14:00.278438,0.0,44.3,0.3950614929199219,4621.46435546875,7115.232421875,0.0036,0.0001245,0.0014939999999999999
2026-01-10T21:19:01.286534,0.5,44.1,0.3934822082519531,4621.46435546875,7115.966796875,0.003642,0.00012595249999999998,0.0015114299999999998
2026-01-10T21:24:02.294416,0.0,44.1,0.39345550537109375,4621.46435546875,7116.623046875,0.0036,0.0001245,0.0014939999999999999
2026-01-10T21:29:03.301364,0.0,44.1,0.3936958312988281,4621.46435546875,7116.970703125,0.0036,0.0001245,0.0014939999999999999
2026-01-10T21:34:04.308034,0.0,44.1,0.3939208984375,4621.46435546875,7117.345703125,0.0036,0.0001245,0.0014939999999999999
2026-01-10T21:39:05.314806,0.0,44.1,0.3939056396484375,4621.46435546875,7117.701171875,0.0036,0.0001245,0.0014939999999999999
2026-01-10T21:44:06.322041,0.0,44.1,0.3938713073730469,4621.46435546875,7118.130859375,0.0036,0.0001245,0.0014939999999999999
2026-01-10T21:49:07.328718,0.0,44.5,0.3974113464355469,4621.46435546875,7119.212890625,0.0036,0.0001245,0.0014939999999999999
2026-01-10T21:54:08.335797,0.0,44.5,0.3976173400878906,4621.46435546875,7120.099609375,0.0036,0.0001245,0.0014939999999999999
2026-01-10T21:59:09.342533,0.0,44.5,0.39760589599609375,4621.46435546875,7120.466796875,0.0036,0.0001245,0.0014939999999999999
2026-01-10T22:04:10.349212,0.0,44.5,0.3975791931152344,4621.46435546875,7120.884765625,0.0036,0.0001245,0.0014939999999999999
2026-01-10T22:09:11.355932,0.0,44.5,0.39757537841796875,4621.46435546875,7121.267578125,0.0036,0.0001245,0.0014939999999999999
2026-01-10T22:14:12.362995,0.0,44.5,0.397552490234375,4621.46435546875,7121.666015625,0.0036,0.0001245,0.0014939999999999999
2026-01-10T22:19:13.370127,0.5,44.5,0.3975257873535156,4621.46435546875,7122.462890625,0.003642,0.00012595249999999998,0.0015114299999999998
2026-01-10T22:24:14.376867,0.0,44.5,0.39751434326171875,4621.46435546875,7122.873046875,0.0036,0.0001245,0.0014939999999999999
2026-01-10T22:29:15.384324,0.0,44.5,0.3975105285644531,4621.46435546875,7123.255859375,0.0036,0.0001245,0.0014939999999999999
2026-01-10T22:34:16.391356,0.0,44.5,0.39749908447265625,4621.46435546875,7123.662109375,0.0036,0.0001245,0.0014939999999999999
2026-01-10T22:39:17.398305,0.5,44.5,0.3974876403808594,4621.46826171875,7124.021484375,0.003642,0.00012595249999999998,0.0015114299999999998
2026-01-10T22:44:18.405331,0.0,44.5,0.39745330810546875,4621.46826171875,7124.638671875,0.0036,0.0001245,0.0014939999999999999
2026-01-10T22:49:19.412656,0.5,44.5,0.3974418640136719,4621.46826171875,7124.986328125,0.003642,0.00012595249999999998,0.0015114299999999998
2026-01-10T22:54:20.419441,0.0,43.6,0.3895530700683594,4621.46826171875,7125.486328125,0.0036,0.0001245,0.0014939999999999999
2026-01-10T22:59:21.426186,0.0,44.3,0.3954887390136719,4622.20263671875,7126.498046875,0.0036,0.0001245,0.0014939999999999999
2026-01-10T23:04:22.433051,0.0,44.3,0.3954505920410156,4622.20263671875,7127.193359375,0.0036,0.0001245,0.0014939999999999999
2026-01-10T23:09:23.439897,0.0,44.3,0.3954277038574219,4622.20263671875,7127.845703125,0.0036,0.0001245,0.0014939999999999999
2026-01-10T23:14:24.446815,0.5,44.3,0.3954200744628906,4622.20263671875,7128.279296875,0.003642,0.00012595249999999998,0.0015114299999999998
2026-01-10T23:19:25.453726,0.0,44.3,0.3954010009765625,4622.20263671875,7128.943359375,0.0036,0.0001245,0.0014939999999999999
2026-01-10T23:24:26.460724,0.5,44.3,0.39582061767578125,4622.20263671875,7129.591796875,0.003642,0.00012595249999999998,0.0015114299999999998
2026-01-10T23:29:27.468001,0.0,44.4,0.3962821960449219,4622.20263671875,7130.505859375,0.0036,0.0001245,0.0014939999999999999
2026-01-10T23:34:28.474927,0.0,44.4,0.3962593078613281,4622.20263671875,7131.349609375,0.0036,0.0001245,0.0014939999999999999
2026-01-10T23:39:29.482687,0.0,44.4,0.3962440490722656,4622.20263671875,7131.771484375,0.0036,0.0001245,0.0014939999999999999
2026-01-10T23:44:30.489491,0.0,44.4,0.3962135314941406,4622.20263671875,7132.212890625,0.0036,0.0001245,0.0014939999999999999
2026-01-10T23:49:31.496579,0.5,43.8,0.3913536071777344,4622.20263671875,7133.041015625,0.003642,0.00012595249999999998,0.0015114299999999998
2026-01-10T23:54:32.503536,0.0,43.9,0.391571044921875,4622.20263671875,7133.439453125,0.0036,0.0001245,0.0014939999999999999
2026-01-10T23:59:33.510618,0.0,43.9,0.39156341552734375,4622.20263671875,7134.044921875,0.0036,0.0001245,0.0014939999999999999
2026-01-11T00:04:34.518015,0.0,43.7,0.3901252746582031,4626.08544921875,7135.291015625,0.0036,0.0001245,0.0014939999999999999
2026-01-11T00:09:35.525155,0.0,43.7,0.3899116516113281,4626.81201171875,7136.548828125,0.0036,0.0001245,0.0014939999999999999
2026-01-11T00:14:36.532170,0.0,45.7,0.40756988525390625,4626.81591796875,7142.126953125,0.0036,0.0001245,0.0014939999999999999
2026-01-11T00:19:37.539300,0.0,45.7,0.40801239013671875,4626.81591796875,7143.056640625,0.0036,0.0001245,0.0014939999999999999
2026-01-11T00:24:38.546550,0.0,45.7,0.40799713134765625,4626.81591796875,7143.455078125,0.0036,0.0001245,0.0014939999999999999
2026-01-11T00:29:39.553741,0.0,43.3,0.38686370849609375,4626.81591796875,7144.048828125,0.0036,0.0001245,0.0014939999999999999
2026-01-11T00:34:40.560911,0.0,43.6,0.3892326354980469,4626.81591796875,7144.681640625,0.0036,0.0001245,0.0014939999999999999
2026-01-11T00:39:41.567953,0.0,43.6,0.38922882080078125,4626.81591796875,7145.041015625,0.0036,0.0001245,0.0014939999999999999
2026-01-11T00:44:42.575199,0.0,43.7,0.3899383544921875,4626.81591796875,7145.416015625,0.0036,0.0001245,0.0014939999999999999
2026-01-11T00:49:43.582579,0.0,43.7,0.389923095703125,4626.81591796875,7145.755859375,0.0036,0.0001245,0.0014939999999999999
2026-01-11T00:54:44.589720,0.0,43.7,0.3899078369140625,4626.81591796875,7146.181640625,0.0036,0.0001245,0.0014939999999999999
2026-01-11T00:59:45.596948,0.0,43.8,0.39105987548828125,4626.81591796875,7146.892578125,0.0036,0.0001245,0.0014939999999999999
2026-01-11T01:04:46.604228,0.0,44.7,0.3993988037109375,4626.81591796875,7148.009765625,0.0036,0.0001245,0.0014939999999999999
2026-01-11T01:09:47.611522,0.0,44.8,0.39963531494140625,4626.81591796875,7148.708984375,0.0036,0.0001245,0.0014939999999999999
2026-01-11T01:14:48.618834,0.0,44.8,0.3996315002441406,4626.81591796875,7149.138671875,0.0036,0.0001245,0.0014939999999999999
2026-01-11T01:19:49.626130,0.0,44.8,0.39972686767578125,4626.81591796875,7149.779296875,0.0036,0.0001245,0.0014939999999999999
2026-01-11T01:24:50.633327,0.0,44.8,0.3997230529785156,4626.81591796875,7150.185546875,0.0036,0.0001245,0.0014939999999999999
2026-01-11T01:29:51.640653,0.0,43.2,0.3856086730957031,4626.81591796875,7151.001953125,0.0036,0.0001245,0.0014939999999999999
2026-01-11T01:34:52.647819,0.5,43.4,0.38751220703125,4626.81591796875,7151.439453125,0.003642,0.00012595249999999998,0.0015114299999999998
2026-01-11T01:39:53.655150,1.5,43.4,0.38782501220703125,4626.81591796875,7153.552734375,0.003726,0.0001288575,0.00154629
2026-01-11T01:44:54.662489,1.0,43.3,0.3862495422363281,4626.82373046875,7161.076171875,0.003684,0.00012740499999999998,0.00152886
2026-01-11T01:49:55.669741,0.0,43.5,0.3881683349609375,4626.82373046875,7161.486328125,0.0036,0.0001245,0.0014939999999999999
2026-01-11T01:54:56.677177,0.0,43.5,0.388153076171875,4626.82373046875,7162.126953125,0.0036,0.0001245,0.0014939999999999999
2026-01-11T01:59:57.684467,0.0,43.6,0.3893470764160156,4626.82373046875,7162.490234375,0.0036,0.0001245,0.0014939999999999999
2026-01-11T02:04:58.691673,0.0,43.6,0.38957977294921875,4626.82373046875,7162.857421875,0.0036,0.0001245,0.0014939999999999999
2026-01-11T02:09:59.699068,0.0,43.6,0.38957977294921875,4626.82373046875,7163.224609375,0.0036,0.0001245,0.0014939999999999999
2026-01-11T02:15:00.714050,1.5,43.7,0.390594482421875,4626.82373046875,7163.658203125,0.003726,0.0001288575,0.00154629
2026-01-11T02:20:01.734658,0.0,43.8,0.3905982971191406,4626.82373046875,7164.478515625,0.0036,0.0001245,0.0014939999999999999
2026-01-11T02:25:02.743476,0.0,43.8,0.390838623046875,4626.82373046875,7164.931640625,0.0036,0.0001245,0.0014939999999999999
2026-01-11T02:30:03.751018,0.0,45.3,0.40448760986328125,4631.67919921875,7165.705078125,0.0036,0.0001245,0.0014939999999999999
2026-01-11T02:35:04.760186,0.0,45.3,0.4044761657714844,4631.67919921875,7166.115234375,0.0036,0.0001245,0.0014939999999999999
2026-01-11T02:40:05.767799,0.0,47.5,0.4243583679199219,4631.67919921875,7167.189453125,0.0036,0.0001245,0.0014939999999999999
2026-01-11T02:45:06.775429,0.0,47.5,0.42433929443359375,4631.67919921875,7167.837890625,0.0036,0.0001245,0.0014939999999999999
2026-01-11T02:50:07.783764,0.0,47.5,0.42432403564453125,4631.67919921875,7168.392578125,0.0036,0.0001245,0.0014939999999999999
2026-01-11T02:55:08.791308,0.0,47.5,0.4243125915527344,4631.67919921875,7168.798828125,0.0036,0.0001245,0.0014939999999999999
2026-01-11T03:00:09.798724,0.0,47.5,0.4243011474609375,4631.67919921875,7169.158203125,0.0036,0.0001245,0.0014939999999999999
2026-01-11T03:05:10.806240,0.0,47.5,0.4243011474609375,4631.67919921875,7169.529296875,0.0036,0.0001245,0.0014939999999999999
2026-01-11T03:10:11.813758,0.0,47.5,0.42429351806640625,4631.67919921875,7170.005859375,0.0036,0.0001245,0.0014939999999999999
2026-01-11T03:15:12.821349,0.0,47.5,0.4243812561035156,4631.78857421875,7171.353515625,0.0036,0.0001245,0.0014939999999999999
2026-01-11T03:20:13.829322,0.0,47.5,0.4243621826171875,4631.78857421875,7172.013671875,0.0036,0.0001245,0.0014939999999999999
2026-01-11T03:25:14.836994,0.0,45.1,0.40271759033203125,4631.78857421875,7172.724609375,0.0036,0.0001245,0.0014939999999999999
2026-01-11T03:30:15.844629,0.0,45.1,0.40270233154296875,4631.78857421875,7172.912109375,0.0036,0.0001245,0.0014939999999999999
2026-01-11T03:35:16.852175,0.0,45.1,0.40268707275390625,4631.78857421875,7173.513671875,0.0036,0.0001245,0.0014939999999999999
2026-01-11T03:40:17.859646,0.0,44.2,0.3945770263671875,4631.78857421875,7174.048828125,0.0036,0.0001245,0.0014939999999999999
2026-01-11T03:45:18.867276,0.0,44.3,0.39527130126953125,4631.78857421875,7174.681640625,0.0036,0.0001245,0.0014939999999999999
2026-01-11T03:50:19.874848,0.5,44.3,0.3952674865722656,4631.78857421875,7175.021484375,0.003642,0.00012595249999999998,0.0015114299999999998
2026-01-11T03:55:20.882437,0.0,44.3,0.3952598571777344,4631.78857421875,7175.638671875,0.0036,0.0001245,0.0014939999999999999
2026-01-11T04:00:21.890005,0.0,44.5,0.3972053527832031,4631.78857421875,7176.544921875,0.0036,0.0001245,0.0014939999999999999
2026-01-11T04:05:22.897628,0.0,44.5,0.39765167236328125,4631.78857421875,7177.263671875,0.0036,0.0001245,0.0014939999999999999
2026-01-11T04:10:23.905518,0.0,44.6,0.3978691101074219,4631.78857421875,7177.857421875,0.0036,0.0001245,0.0014939999999999999
2026-01-11T04:15:24.913176,0.0,44.6,0.39785003662109375,4631.78857421875,7178.306640625,0.0036,0.0001245,0.0014939999999999999
2026-01-11T04:20:25.920921,0.0,44.6,0.3978271484375,4631.78857421875,7179.154296875,0.0036,0.0001245,0.0014939999999999999
2026-01-11T04:25:26.928736,0.0,44.6,0.3978157043457031,4631.78857421875,7179.564453125,0.0036,0.0001245,0.0014939999999999999
2026-01-11T04:30:27.936357,0.0,45.0,0.40200042724609375,4631.79248046875,7180.603515625,0.0036,0.0001245,0.0014939999999999999
2026-01-11T04:35:28.944210,0.0,45.5,0.40659332275390625,4634.81201171875,7184.509765625,0.0036,0.0001245,0.0014939999999999999
2026-01-11T04:40:29.952011,0.0,45.5,0.4065742492675781,4634.81201171875,7184.880859375,0.0036,0.0001245,0.0014939999999999999
2026-01-11T04:45:30.960053,0.0,45.5,0.40656280517578125,4634.81201171875,7185.322265625,0.0036,0.0001245,0.0014939999999999999
2026-01-11T04:50:31.969262,0.0,45.5,0.4065589904785156,4634.81201171875,7185.974609375,0.0036,0.0001245,0.0014939999999999999
2026-01-11T04:55:32.978621,0.0,45.5,0.40655517578125,4634.81201171875,7186.412109375,0.0036,0.0001245,0.0014939999999999999
2026-01-11T05:00:33.986319,0.5,49.3,0.4400634765625,4987.37451171875,7454.384765625,0.003642,0.00012595249999999998,0.0015114299999999998
2026-01-11T05:05:34.994191,0.0,48.6,0.4343147277832031,4987.49169921875,7455.033203125,0.0036,0.0001245,0.0014939999999999999
2026-01-11T05:10:36.003069,0.0,48.7,0.4345245361328125,4987.49560546875,7455.443359375,0.0036,0.0001245,0.0014939999999999999
2026-01-11T05:15:37.011295,0.0,47.7,0.42547607421875,4990.73388671875,7456.869140625,0.0036,0.0001245,0.0014939999999999999
2026-01-11T05:20:38.019669,0.0,47.7,0.425689697265625,4990.73388671875,7457.802734375,0.0036,0.0001245,0.0014939999999999999
2026-01-11T05:25:39.027808,0.0,47.7,0.4256744384765625,4990.73388671875,7458.201171875,0.0036,0.0001245,0.0014939999999999999
2026-01-11T05:30:40.035644,0.0,47.7,0.4256591796875,4990.73388671875,7458.556640625,0.0036,0.0001245,0.0014939999999999999
2026-01-11T05:35:41.043455,0.0,47.7,0.4256401062011719,4990.73388671875,7459.166015625,0.0036,0.0001245,0.0014939999999999999
2026-01-11T05:40:42.051711,0.0,47.7,0.42562103271484375,4990.73388671875,7459.294921875,0.0036,0.0001245,0.0014939999999999999
2026-01-11T05:45:43.059571,0.5,47.7,0.4256134033203125,4990.73388671875,7459.935546875,0.003642,0.00012595249999999998,0.0015114299999999998
2026-01-11T05:50:44.067492,0.0,47.7,0.42560577392578125,4990.73388671875,7460.068359375,0.0036,0.0001245,0.0014939999999999999
2026-01-11T05:55:45.075905,0.0,47.7,0.42559814453125,4990.73388671875,7460.685546875,0.0036,0.0001245,0.0014939999999999999
2026-01-11T06:00:46.083820,0.0,46.9,0.4185981750488281,4990.74951171875,7461.001953125,0.0036,0.0001245,0.0014939999999999999
2026-01-11T06:05:47.091747,0.0,46.9,0.4185829162597656,4990.74951171875,7461.873046875,0.0036,0.0001245,0.0014939999999999999
2026-01-11T06:10:48.099583,0.0,46.9,0.4185752868652344,4990.74951171875,7462.314453125,0.0036,0.0001245,0.0014939999999999999
2026-01-11T06:15:49.107896,0.0,46.9,0.41857147216796875,4990.74951171875,7462.701171875,0.0036,0.0001245,0.0014939999999999999
2026-01-11T06:20:50.115882,0.0,46.9,0.418426513671875,4990.74951171875,7463.130859375,0.0036,0.0001245,0.0014939999999999999
2026-01-11T06:25:51.123778,0.0,46.9,0.41873931884765625,4990.74951171875,7463.888671875,0.0036,0.0001245,0.0014939999999999999
2026-01-11T06:30:52.132592,0.0,47.4,0.4229545593261719,4992.07373046875,7465.146484375,0.0036,0.0001245,0.0014939999999999999
2026-01-11T06:35:53.140399,0.5,47.4,0.4229393005371094,4992.07763671875,7465.529296875,0.003642,0.00012595249999999998,0.0015114299999999998
2026-01-11T06:40:54.148477,0.0,46.5,0.4154510498046875,4992.07763671875,7466.115234375,0.0036,0.0001245,0.0014939999999999999
2026-01-11T06:45:55.159467,0.0,45.9,0.40962982177734375,4992.07763671875,7466.728515625,0.0036,0.0001245,0.0014939999999999999
2026-01-11T06:50:56.167506,0.0,45.7,0.407684326171875,4992.08935546875,7467.607421875,0.0036,0.0001245,0.0014939999999999999
2026-01-11T06:55:57.175372,0.5,45.9,0.40955352783203125,4992.20654296875,7468.568359375,0.003642,0.00012595249999999998,0.0015114299999999998
2026-01-11T07:00:58.183342,0.0,45.8,0.4088134765625,4992.20654296875,7470.009765625,0.0036,0.0001245,0.0014939999999999999
2026-01-11T07:05:59.191543,0.0,45.9,0.4097633361816406,4992.20654296875,7470.638671875,0.0036,0.0001245,0.0014939999999999999
2026-01-11T07:11:00.200885,0.0,45.7,0.4084014892578125,4992.20654296875,7471.498046875,0.0036,0.0001245,0.0014939999999999999
2026-01-11T07:16:01.209528,0.0,45.7,0.40833282470703125,4992.20654296875,7471.966796875,0.0036,0.0001245,0.0014939999999999999
2026-01-11T07:21:02.223514,0.0,45.7,0.4075889587402344,4992.20654296875,7472.880859375,0.0036,0.0001245,0.0014939999999999999
2026-01-11T07:26:03.234617,0.0,45.7,0.4078102111816406,4992.20654296875,7473.349609375,0.0036,0.0001245,0.0014939999999999999
2026-01-11T07:31:04.243513,0.0,45.3,0.4041404724121094,4992.20654296875,7474.732421875,0.0036,0.0001245,0.0014939999999999999
2026-01-11T07:36:05.251913,0.0,44.3,0.395355224609375,4992.20654296875,7475.505859375,0.0036,0.0001245,0.0014939999999999999
2026-01-11T07:41:06.260188,0.0,43.6,0.38927459716796875,4992.20654296875,7476.115234375,0.0036,0.0001245,0.0014939999999999999
2026-01-11T07:46:07.268390,0.5,43.4,0.3878822326660156,4992.20654296875,7476.751953125,0.003642,0.00012595249999999998,0.0015114299999999998
2026-01-11T07:51:08.276552,0.5,43.2,0.3859291076660156,4992.20654296875,7477.158203125,0.003642,0.00012595249999999998,0.0015114299999999998
2026-01-11T07:56:09.284769,0.0,43.2,0.38574981689453125,4992.20654296875,7477.916015625,0.0036,0.0001245,0.0014939999999999999
2026-01-11T08:01:10.292995,0.0,43.5,0.3883171081542969,4992.20654296875,7478.779296875,0.0036,0.0001245,0.0014939999999999999
2026-01-11T08:06:11.301581,0.0,43.3,0.3864288330078125,4992.20654296875,7479.443359375,0.0036,0.0001245,0.0014939999999999999
2026-01-11T08:11:12.310646,0.0,44.3,0.3958740234375,4992.20654296875,7480.884765625,0.0036,0.0001245,0.0014939999999999999
2026-01-11T08:16:13.318911,0.5,43.5,0.3881263732910156,4992.20654296875,7481.626953125,0.003642,0.00012595249999999998,0.0015114299999999998
2026-01-11T08:21:14.327351,0.0,43.7,0.3905906677246094,4992.20654296875,7482.388671875,0.0036,0.0001245,0.0014939999999999999
2026-01-11T08:26:15.335746,0.0,43.3,0.3864593505859375,4992.20654296875,7483.220703125,0.0036,0.0001245,0.0014939999999999999
2026-01-11T08:31:16.344066,0.0,43.4,0.3875999450683594,4992.20654296875,7484.134765625,0.0036,0.0001245,0.0014939999999999999
2026-01-11T08:36:17.353480,0.0,43.1,0.3850288391113281,4992.20654296875,7484.837890625,0.0036,0.0001245,0.0014939999999999999
2026-01-11T08:41:18.362005,0.0,43.4,0.3878936767578125,4992.20654296875,7485.240234375,0.0036,0.0001245,0.0014939999999999999
2026-01-11T08:46:19.370332,0.0,43.5,0.38796234130859375,4992.20654296875,7486.029296875,0.0036,0.0001245,0.0014939999999999999
2026-01-11T08:51:20.378622,0.0,43.4,0.3877296447753906,4992.20654296875,7486.505859375,0.0036,0.0001245,0.0014939999999999999
2026-01-11T08:56:21.386985,0.0,43.4,0.3878135681152344,4992.20654296875,7487.595703125,0.0036,0.0001245,0.0014939999999999999
2026-01-11T09:01:22.395365,0.0,43.5,0.388763427734375,4992.20654296875,7488.037109375,0.0036,0.0001245,0.0014939999999999999
2026-01-11T09:06:23.403745,0.0,43.4,0.38742828369140625,4992.20654296875,7488.630859375,0.0036,0.0001245,0.0014939999999999999
2026-01-11T09:11:24.412019,0.0,43.4,0.3878746032714844,4992.20654296875,7489.232421875,0.0036,0.0001245,0.0014939999999999999
2026-01-11T09:16:25.420559,0.0,43.7,0.38979339599609375,4992.20654296875,7490.080078125,0.0036,0.0001245,0.0014939999999999999
2026-01-11T09:21:26.428894,0.5,43.9,0.39229583740234375,4992.20654296875,7491.716796875,0.003642,0.00012595249999999998,0.0015114299999999998
2026-01-11T09:26:27.437574,0.0,44.1,0.3937263488769531,4992.20654296875,7492.330078125,0.0036,0.0001245,0.0014939999999999999
2026-01-11T09:31:28.446030,0.0,43.5,0.38817596435546875,4992.20654296875,7493.259765625,0.0036,0.0001245,0.0014939999999999999
2026-01-11T09:36:29.454730,0.0,43.5,0.38840484619140625,4992.20654296875,7493.634765625,0.0036,0.0001245,0.0014939999999999999
2026-01-11T09:41:30.463422,0.0,43.5,0.3885231018066406,4992.20654296875,7494.294921875,0.0036,0.0001245,0.0014939999999999999
2026-01-11T09:46:31.471864,0.5,43.5,0.38822174072265625,4992.20654296875,7494.724609375,0.003642,0.00012595249999999998,0.0015114299999999998
2026-01-11T09:51:32.480299,0.0,43.5,0.388397216796875,4992.20654296875,7495.673828125,0.0036,0.0001245,0.0014939999999999999
2026-01-11T09:56:33.488921,0.0,43.3,0.386383056640625,4992.20654296875,7496.083984375,0.0036,0.0001245,0.0014939999999999999
2026-01-11T10:01:34.497943,0.0,43.5,0.3887443542480469,4992.20654296875,7496.712890625,0.0036,0.0001245,0.0014939999999999999
2026-01-11T10:06:35.506905,0.0,43.3,0.3865013122558594,4992.20654296875,7497.376953125,0.0036,0.0001245,0.0014939999999999999
2026-01-11T10:11:36.515587,0.0,43.5,0.3883857727050781,4992.20654296875,7498.220703125,0.0036,0.0001245,0.0014939999999999999
2026-01-11T10:16:37.524449,0.0,43.5,0.3880043029785156,4992.20654296875,7498.982421875,0.0036,0.0001245,0.0014939999999999999
2026-01-11T10:21:38.533041,0.0,43.7,0.39038848876953125,4992.20654296875,7499.779296875,0.0036,0.0001245,0.0014939999999999999
2026-01-11T10:26:39.541675,0.0,43.5,0.388092041015625,4992.20654296875,7500.462890625,0.0036,0.0001245,0.0014939999999999999
2026-01-11T10:31:40.550208,0.0,43.5,0.38846588134765625,4992.20654296875,7501.173828125,0.0036,0.0001245,0.0014939999999999999
2026-01-11T10:36:41.558727,0.0,43.5,0.38823699951171875,4992.20654296875,7501.955078125,0.0036,0.0001245,0.0014939999999999999
2026-01-11T10:41:42.567343,0.0,43.3,0.38687896728515625,4992.20654296875,7502.494140625,0.0036,0.0001245,0.0014939999999999999
2026-01-11T10:46:43.575941,0.0,44.3,0.39574432373046875,4992.20654296875,7503.572265625,0.0036,0.0001245,0.0014939999999999999
2026-01-11T10:51:44.584593,0.0,43.6,0.38909149169921875,4992.20654296875,7504.470703125,0.0036,0.0001245,0.0014939999999999999
2026-01-11T10:56:45.593257,0.0,43.4,0.3876686096191406,4992.20654296875,7505.412109375,0.0036,0.0001245,0.0014939999999999999
2026-01-11T11:01:46.601912,0.0,43.4,0.3872222900390625,4992.20654296875,7505.919921875,0.0036,0.0001245,0.0014939999999999999
2026-01-11T11:06:47.610563,0.0,45.2,0.4036903381347656,4992.20654296875,7507.283203125,0.0036,0.0001245,0.0014939999999999999
2026-01-11T11:11:48.619246,0.0,45.1,0.40264129638671875,4992.20654296875,7508.216796875,0.0036,0.0001245,0.0014939999999999999
2026-01-11T11:16:49.628014,0.0,45.0,0.4016571044921875,4992.20654296875,7509.025390625,0.0036,0.0001245,0.0014939999999999999
2026-01-11T11:21:50.636772,0.0,43.4,0.3878364562988281,4992.20654296875,7510.083984375,0.0036,0.0001245,0.0014939999999999999
2026-01-11T11:26:51.645403,0.0,43.5,0.38852691650390625,4992.20654296875,7510.744140625,0.0036,0.0001245,0.0014939999999999999
2026-01-11T11:31:52.654226,0.0,43.3,0.3868064880371094,4992.20654296875,7511.505859375,0.0036,0.0001245,0.0014939999999999999
2026-01-11T11:36:53.662993,0.0,43.6,0.3892021179199219,4992.20654296875,7511.896484375,0.0036,0.0001245,0.0014939999999999999
2026-01-11T11:41:54.671745,0.0,43.3,0.3865013122558594,4992.20654296875,7512.587890625,0.0036,0.0001245,0.0014939999999999999
2026-01-11T11:46:55.680479,0.0,43.3,0.38613128662109375,4992.20654296875,7513.384765625,0.0036,0.0001245,0.0014939999999999999
2026-01-11T11:51:56.689640,0.0,43.7,0.3904075622558594,4992.21044921875,7514.087890625,0.0036,0.0001245,0.0014939999999999999
2026-01-11T11:56:57.698627,0.0,43.7,0.3903923034667969,4992.21044921875,7514.466796875,0.0036,0.0001245,0.0014939999999999999
2026-01-11T12:01:58.707461,0.0,43.8,0.3906288146972656,4992.21044921875,7514.904296875,0.0036,0.0001245,0.0014939999999999999
2026-01-11T12:06:59.716398,0.0,44.3,0.3954124450683594,4992.21044921875,7515.873046875,0.0036,0.0001245,0.0014939999999999999
2026-01-11T12:12:00.725396,0.5,44.5,0.397186279296875,4992.21044921875,7516.888671875,0.003642,0.00012595249999999998,0.0015114299999999998
2026-01-11T12:17:01.740219,0.5,44.5,0.3974151611328125,4992.21044921875,7517.294921875,0.003642,0.00012595249999999998,0.0015114299999999998
2026-01-11T12:22:02.749381,0.0,44.6,0.3978729248046875,4992.21044921875,7518.013671875,0.0036,0.0001245,0.0014939999999999999
2026-01-11T12:27:03.758409,0.0,44.6,0.3978691101074219,4992.21044921875,7518.466796875,0.0036,0.0001245,0.0014939999999999999
2026-01-11T12:32:04.777011,0.0,44.6,0.3978462219238281,4992.21044921875,7518.931640625,0.0036,0.0001245,0.0014939999999999999
2026-01-11T12:37:05.786181,0.0,44.6,0.3978424072265625,4992.21044921875,7519.310546875,0.0036,0.0001245,0.0014939999999999999
2026-01-11T12:42:06.795240,0.0,44.6,0.3978309631347656,4992.21044921875,7519.935546875,0.0036,0.0001245,0.0014939999999999999
2026-01-11T12:47:07.803948,0.0,44.6,0.3978233337402344,4992.21044921875,7520.369140625,0.0036,0.0001245,0.0014939999999999999
2026-01-11T12:52:08.812780,0.0,44.6,0.3978004455566406,4992.21044921875,7520.837890625,0.0036,0.0001245,0.0014939999999999999
2026-01-11T12:57:09.821993,0.0,44.6,0.39778900146484375,4992.21044921875,7521.505859375,0.0036,0.0001245,0.0014939999999999999
2026-01-11T13:02:10.830867,0.5,44.6,0.39778900146484375,4992.21044921875,7521.904296875,0.003642,0.00012595249999999998,0.0015114299999999998
2026-01-11T13:07:11.839851,0.0,44.6,0.39776611328125,4992.21044921875,7522.548828125,0.0036,0.0001245,0.0014939999999999999
2026-01-11T13:12:12.849010,0.0,44.6,0.3977508544921875,4992.21044921875,7523.060546875,0.0036,0.0001245,0.0014939999999999999
2026-01-11T13:17:13.858095,0.0,44.5,0.39772796630859375,4992.21044921875,7523.490234375,0.0036,0.0001245,0.0014939999999999999
2026-01-11T13:22:14.867168,0.0,44.5,0.3977088928222656,4992.21044921875,7524.189453125,0.0036,0.0001245,0.0014939999999999999
2026-01-11T13:27:15.882280,0.0,44.5,0.3976860046386719,4992.21044921875,7524.615234375,0.0036,0.0001245,0.0014939999999999999
2026-01-11T13:32:16.891186,0.0,44.5,0.39765167236328125,4992.21044921875,7525.263671875,0.0036,0.0001245,0.0014939999999999999
2026-01-11T13:37:17.900497,0.0,44.5,0.39763641357421875,4992.21044921875,7525.650390625,0.0036,0.0001245,0.0014939999999999999
2026-01-11T13:42:18.909463,0.0,44.5,0.39762115478515625,4992.21044921875,7526.044921875,0.0036,0.0001245,0.0014939999999999999
2026-01-11T13:47:19.918520,0.0,44.6,0.39785003662109375,4992.21044921875,7526.416015625,0.0036,0.0001245,0.0014939999999999999
2026-01-11T13:52:20.927641,0.0,44.4,0.396331787109375,4992.21044921875,7527.669921875,0.0036,0.0001245,0.0014939999999999999
2026-01-11T13:57:21.936660,0.0,44.6,0.3977508544921875,4992.21044921875,7528.349609375,0.0036,0.0001245,0.0014939999999999999
2026-01-11T14:02:22.945855,0.0,44.5,0.39772796630859375,4992.21044921875,7528.974609375,0.0036,0.0001245,0.0014939999999999999
2026-01-11T14:07:23.955252,0.0,44.5,0.3977088928222656,4992.21044921875,7529.458984375,0.0036,0.0001245,0.0014939999999999999
2026-01-11T14:12:24.964525,0.0,43.6,0.3889274597167969,4992.21044921875,7530.626953125,0.0036,0.0001245,0.0014939999999999999
2026-01-11T14:17:25.973873,1.0,43.8,0.3909873962402344,4992.21044921875,7537.787109375,0.003684,0.00012740499999999998,0.00152886
2026-01-11T14:22:26.982867,0.5,43.8,0.390716552734375,4992.21044921875,7539.244140625,0.003642,0.00012595249999999998,0.0015114299999999998
2026-01-11T14:27:27.991988,0.0,44.5,0.3970184326171875,4992.21044921875,7540.615234375,0.0036,0.0001245,0.0014939999999999999
2026-01-11T14:32:29.001081,0.5,43.6,0.3890113830566406,4992.21044921875,7541.439453125,0.003642,0.00012595249999999998,0.0015114299999999998
2026-01-11T14:37:30.023624,0.0,43.8,0.3906822204589844,4992.21044921875,7541.826171875,0.0036,0.0001245,0.0014939999999999999
2026-01-11T14:42:31.032798,0.0,43.8,0.3906745910644531,4992.21044921875,7542.220703125,0.0036,0.0001245,0.0014939999999999999
2026-01-11T14:47:32.041878,0.0,43.8,0.3906517028808594,4992.21044921875,7542.646484375,0.0036,0.0001245,0.0014939999999999999
2026-01-11T14:52:33.051934,0.0,43.8,0.391357421875,4992.21044921875,7543.087890625,0.0036,0.0001245,0.0014939999999999999
2026-01-11T14:57:34.061315,0.0,43.8,0.3913459777832031,4992.21044921875,7543.666015625,0.0036,0.0001245,0.0014939999999999999
2026-01-11T15:02:35.070843,0.0,43.8,0.3913421630859375,4992.21044921875,7544.091796875,0.0036,0.0001245,0.0014939999999999999
2026-01-11T15:07:36.080352,0.0,43.9,0.3920631408691406,4992.21044921875,7544.466796875,0.0036,0.0001245,0.0014939999999999999
2026-01-11T15:12:37.089634,0.0,43.9,0.3922843933105469,4992.21044921875,7544.974609375,0.0036,0.0001245,0.0014939999999999999
2026-01-11T15:17:38.099436,0.0,44.0,0.3929901123046875,4992.21044921875,7545.666015625,0.0036,0.0001245,0.0014939999999999999
2026-01-11T15:22:39.108916,0.0,44.0,0.3928565979003906,4992.21044921875,7546.091796875,0.0036,0.0001245,0.0014939999999999999
2026-01-11T15:27:40.118709,0.0,46.8,0.4180450439453125,4992.28076171875,7547.123046875,0.0036,0.0001245,0.0014939999999999999
2026-01-11T15:32:41.128013,0.0,46.2,0.4120750427246094,4992.28076171875,7548.103515625,0.0036,0.0001245,0.0014939999999999999
2026-01-11T15:37:42.138897,0.0,46.2,0.4120635986328125,4992.28076171875,7548.767578125,0.0036,0.0001245,0.0014939999999999999
2026-01-11T15:42:43.148305,0.0,46.2,0.4120445251464844,4992.28076171875,7549.193359375,0.0036,0.0001245,0.0014939999999999999
2026-01-11T15:47:44.157707,0.0,46.2,0.4120292663574219,4992.28076171875,7549.591796875,0.0036,0.0001245,0.0014939999999999999
2026-01-11T15:52:45.167345,0.0,46.1,0.4120140075683594,4992.28076171875,7550.162109375,0.0036,0.0001245,0.0014939999999999999
2026-01-11T15:57:46.176748,0.0,44.1,0.3939094543457031,4992.28076171875,7550.994140625,0.0036,0.0001245,0.0014939999999999999
2026-01-11T16:02:47.186149,0.0,44.4,0.3965339660644531,4992.28076171875,7551.412109375,0.0036,0.0001245,0.0014939999999999999
2026-01-11T16:07:48.195622,0.0,44.4,0.3965263366699219,4992.28076171875,7551.833984375,0.0036,0.0001245,0.0014939999999999999
2026-01-11T16:12:49.205075,0.5,44.4,0.3966522216796875,4992.28076171875,7552.537109375,0.003642,0.00012595249999999998,0.0015114299999999998
2026-01-11T16:17:50.214596,0.0,44.4,0.3966407775878906,4992.28076171875,7553.224609375,0.0036,0.0001245,0.0014939999999999999
2026-01-11T16:22:51.224087,0.0,44.4,0.39661407470703125,4992.28076171875,7553.896484375,0.0036,0.0001245,0.0014939999999999999
2026-01-11T16:27:52.233511,0.0,44.4,0.3965950012207031,4992.28076171875,7554.341796875,0.0036,0.0001245,0.0014939999999999999
2026-01-11T16:32:53.243018,0.0,44.4,0.3965797424316406,4992.28076171875,7554.806640625,0.0036,0.0001245,0.0014939999999999999
2026-01-11T16:37:54.252618,0.0,44.4,0.39656829833984375,4992.28076171875,7555.185546875,0.0036,0.0001245,0.0014939999999999999
2026-01-11T16:42:55.262046,0.0,44.4,0.3965644836425781,4992.28076171875,7555.623046875,0.0036,0.0001245,0.0014939999999999999
2026-01-11T16:47:56.271384,0.0,44.4,0.3965492248535156,4992.28076171875,7556.138671875,0.0036,0.0001245,0.0014939999999999999
2026-01-11T16:52:57.280803,0.0,44.4,0.39653778076171875,4992.28076171875,7556.603515625,0.0036,0.0001245,0.0014939999999999999
2026-01-11T16:57:58.290406,0.0,44.4,0.3965301513671875,4992.28076171875,7556.986328125,0.0036,0.0001245,0.0014939999999999999
2026-01-11T17:02:59.299936,0.0,44.7,0.3993339538574219,4992.28076171875,7558.138671875,0.0036,0.0001245,0.0014939999999999999
2026-01-11T17:08:00.309487,0.0,43.9,0.39162445068359375,4992.28076171875,7559.248046875,0.0036,0.0001245,0.0014939999999999999
2026-01-11T17:13:01.328484,0.0,44.0,0.3925895690917969,4992.28076171875,7559.923828125,0.0036,0.0001245,0.0014939999999999999
2026-01-11T17:18:02.339010,0.0,44.3,0.3951606750488281,4992.28076171875,7561.462890625,0.0036,0.0001245,0.0014939999999999999
2026-01-11T17:23:03.348869,0.0,44.3,0.3951454162597656,4992.28076171875,7562.123046875,0.0036,0.0001245,0.0014939999999999999
2026-01-11T17:28:04.358489,0.0,44.3,0.3951301574707031,4992.28076171875,7562.517578125,0.0036,0.0001245,0.0014939999999999999
2026-01-11T17:33:05.368016,0.0,44.3,0.3951263427734375,4992.28076171875,7562.994140625,0.0036,0.0001245,0.0014939999999999999
2026-01-11T17:38:06.377625,0.0,44.3,0.395111083984375,4992.28076171875,7563.373046875,0.0036,0.0001245,0.0014939999999999999
2026-01-11T17:43:07.387247,0.0,44.3,0.3950996398925781,4992.28076171875,7563.978515625,0.0036,0.0001245,0.0014939999999999999
2026-01-11T17:48:08.396802,0.0,44.3,0.3950920104980469,4992.28076171875,7564.396484375,0.0036,0.0001245,0.0014939999999999999
2026-01-11T17:53:09.406413,0.0,44.3,0.3950653076171875,4992.28076171875,7564.849609375,0.0036,0.0001245,0.0014939999999999999
2026-01-11T17:58:10.416044,0.0,43.3,0.3862571716308594,4992.28076171875,7565.404296875,0.0036,0.0001245,0.0014939999999999999
2026-01-11T18:03:11.426180,0.0,43.8,0.3908538818359375,4992.28076171875,7566.126953125,0.0036,0.0001245,0.0014939999999999999
2026-01-11T18:08:12.436035,0.0,43.9,0.3922843933105469,4992.28076171875,7566.517578125,0.0036,0.0001245,0.0014939999999999999
2026-01-11T18:13:13.445675,0.0,44.2,0.39418792724609375,4992.28076171875,7567.220703125,0.0036,0.0001245,0.0014939999999999999
2026-01-11T18:18:14.455524,0.0,44.2,0.3941764831542969,4992.28076171875,7567.935546875,0.0036,0.0001245,0.0014939999999999999
2026-01-11T18:23:15.465313,0.0,44.2,0.39417266845703125,4992.28076171875,7568.341796875,0.0036,0.0001245,0.0014939999999999999
2026-01-11T18:28:16.475018,0.0,44.1,0.3941612243652344,4992.28076171875,7568.791015625,0.0036,0.0001245,0.0014939999999999999
2026-01-11T18:33:17.484635,0.0,44.1,0.3941383361816406,4992.28076171875,7569.259765625,0.0036,0.0001245,0.0014939999999999999
2026-01-11T18:38:18.494377,0.0,44.1,0.39412689208984375,4992.28076171875,7569.685546875,0.0036,0.0001245,0.0014939999999999999
2026-01-11T18:43:19.504183,0.0,44.1,0.3941230773925781,4992.28076171875,7570.330078125,0.0036,0.0001245,0.0014939999999999999
2026-01-11T18:48:20.513776,0.0,44.1,0.39410400390625,4992.28076171875,7570.998046875,0.0036,0.0001245,0.0014939999999999999
2026-01-11T18:53:21.523565,0.0,44.7,0.39890289306640625,4995.15576171875,7572.306640625,0.0036,0.0001245,0.0014939999999999999
2026-01-11T18:58:22.533482,0.0,44.9,0.40076446533203125,4995.15576171875,7573.310546875,0.0036,0.0001245,0.0014939999999999999
2026-01-11T19:03:23.543737,0.0,44.8,0.4003028869628906,4996.07763671875,7574.255859375,0.0036,0.0001245,0.0014939999999999999
2026-01-11T19:08:24.553473,0.0,44.9,0.4009513854980469,4996.07763671875,7575.212890625,0.0036,0.0001245,0.0014939999999999999
2026-01-11T19:13:25.563315,0.0,44.1,0.3934593200683594,4996.07763671875,7576.103515625,0.0036,0.0001245,0.0014939999999999999
2026-01-11T19:18:26.573097,0.0,44.1,0.3934440612792969,4996.07763671875,7576.830078125,0.0036,0.0001245,0.0014939999999999999
2026-01-11T19:23:27.583033,0.0,44.1,0.3934326171875,4996.07763671875,7577.236328125,0.0036,0.0001245,0.0014939999999999999
2026-01-11T19:28:28.592917,0.0,44.1,0.3934288024902344,4996.07763671875,7577.642578125,0.0036,0.0001245,0.0014939999999999999
2026-01-11T19:33:29.602863,0.0,44.5,0.3976898193359375,4996.07763671875,7578.853515625,0.0036,0.0001245,0.0014939999999999999
2026-01-11T19:38:30.612853,0.0,44.6,0.3978996276855469,4996.07763671875,7579.791015625,0.0036,0.0001245,0.0014939999999999999
2026-01-11T19:43:31.622803,0.0,46.2,0.41205596923828125,5001.79248046875,7581.197265625,0.0036,0.0001245,0.0014939999999999999
2026-01-11T19:48:32.632583,0.0,46.3,0.41324615478515625,5001.79248046875,7581.599609375,0.0036,0.0001245,0.0014939999999999999
2026-01-11T19:53:33.642528,0.0,46.3,0.4132270812988281,5001.79248046875,7582.060546875,0.0036,0.0001245,0.0014939999999999999
2026-01-11T19:58:34.652926,0.0,46.3,0.4134521484375,5001.79248046875,7582.482421875,0.0036,0.0001245,0.0014939999999999999
2026-01-11T20:03:35.663124,0.0,46.5,0.4148826599121094,5001.79248046875,7582.908203125,0.0036,0.0001245,0.0014939999999999999
2026-01-11T20:08:36.673190,0.0,46.4,0.4144859313964844,5001.79248046875,7583.529296875,0.0036,0.0001245,0.0014939999999999999
2026-01-11T20:13:37.683131,0.0,46.4,0.4142341613769531,5001.79248046875,7584.025390625,0.0036,0.0001245,0.0014939999999999999
2026-01-11T20:18:38.692997,0.0,46.4,0.41420745849609375,5001.79248046875,7584.736328125,0.0036,0.0001245,0.0014939999999999999
2026-01-11T20:23:39.703016,0.5,46.4,0.4141998291015625,5001.79248046875,7585.142578125,0.003642,0.00012595249999999998,0.0015114299999999998
2026-01-11T20:28:40.713303,0.0,46.4,0.4141845703125,5001.79248046875,7585.548828125,0.0036,0.0001245,0.0014939999999999999
2026-01-11T20:33:41.723253,0.5,46.4,0.4141654968261719,5001.79248046875,7586.224609375,0.003642,0.00012595249999999998,0.0015114299999999998
2026-01-11T20:38:42.733654,0.0,46.4,0.41416168212890625,5001.79248046875,7586.615234375,0.0036,0.0001245,0.0014939999999999999
2026-01-11T20:43:43.743839,0.0,46.4,0.414154052734375,5001.79248046875,7587.087890625,0.0036,0.0001245,0.0014939999999999999
2026-01-11T20:48:44.754031,0.0,46.4,0.4141349792480469,5001.79248046875,7587.478515625,0.0036,0.0001245,0.0014939999999999999
2026-01-11T20:53:45.764284,0.0,46.4,0.4141273498535156,5001.79248046875,7587.947265625,0.0036,0.0001245,0.0014939999999999999
2026-01-11T20:58:46.774413,0.0,46.4,0.4141082763671875,5001.79248046875,7588.380859375,0.0036,0.0001245,0.0014939999999999999
2026-01-11T21:03:47.784505,0.0,45.4,0.40545654296875,5001.79248046875,7589.447265625,0.0036,0.0001245,0.0014939999999999999
2026-01-11T21:08:48.794574,0.0,45.4,0.4054450988769531,5001.79248046875,7590.142578125,0.0036,0.0001245,0.0014939999999999999
2026-01-11T21:13:49.804702,0.0,45.4,0.40543365478515625,5001.79248046875,7590.650390625,0.0036,0.0001245,0.0014939999999999999
2026-01-11T21:18:50.814920,0.0,45.4,0.405426025390625,5001.79248046875,7591.345703125,0.0036,0.0001245,0.0014939999999999999
2026-01-11T21:23:51.825021,0.0,45.4,0.40541839599609375,5001.79248046875,7591.802734375,0.0036,0.0001245,0.0014939999999999999
2026-01-11T21:28:52.835294,0.0,45.4,0.4054145812988281,5001.79248046875,7592.216796875,0.0036,0.0001245,0.0014939999999999999
2026-01-11T21:33:53.845365,0.0,45.4,0.40528106689453125,5001.79248046875,7592.767578125,0.0036,0.0001245,0.0014939999999999999
2026-01-11T21:38:54.855906,0.0,45.4,0.4052696228027344,5001.79248046875,7593.158203125,0.0036,0.0001245,0.0014939999999999999
2026-01-11T21:43:55.866376,0.0,45.4,0.4052581787109375,5001.79248046875,7593.611328125,0.0036,0.0001245,0.0014939999999999999
2026-01-11T21:48:56.876469,0.0,45.4,0.4052467346191406,5001.79248046875,7594.021484375,0.0036,0.0001245,0.0014939999999999999
2026-01-11T21:53:57.886704,0.0,45.4,0.40544891357421875,5001.79248046875,7594.435546875,0.0036,0.0001245,0.0014939999999999999
2026-01-11T21:58:58.896807,0.0,45.4,0.4054412841796875,5001.79248046875,7594.822265625,0.0036,0.0001245,0.0014939999999999999
2026-01-11T22:03:59.907138,0.0,45.4,0.405426025390625,5001.79248046875,7595.435546875,0.0036,0.0001245,0.0014939999999999999
2026-01-11T22:09:00.917396,0.0,44.2,0.3947868347167969,5001.79248046875,7596.798828125,0.0036,0.0001245,0.0014939999999999999
2026-01-11T22:14:01.929076,0.0,44.4,0.3962211608886719,5001.79248046875,7597.560546875,0.0036,0.0001245,0.0014939999999999999
2026-01-11T22:19:02.939809,0.0,44.4,0.396209716796875,5001.79248046875,7598.263671875,0.0036,0.0001245,0.0014939999999999999
2026-01-11T22:24:03.951718,0.0,44.4,0.3964385986328125,5001.79248046875,7598.708984375,0.0036,0.0001245,0.0014939999999999999
2026-01-11T22:29:04.962868,0.0,44.5,0.39762115478515625,5001.79248046875,7599.380859375,0.0036,0.0001245,0.0014939999999999999
2026-01-11T22:34:05.973227,0.0,44.6,0.39833831787109375,5001.79248046875,7599.806640625,0.0036,0.0001245,0.0014939999999999999
2026-01-11T22:39:06.983448,0.0,44.6,0.39833831787109375,5001.79248046875,7600.197265625,0.0036,0.0001245,0.0014939999999999999
2026-01-11T22:44:07.994018,0.0,44.7,0.39904022216796875,5001.79248046875,7600.658203125,0.0036,0.0001245,0.0014939999999999999
2026-01-11T22:49:09.004440,0.0,44.7,0.3990364074707031,5001.79248046875,7601.056640625,0.0036,0.0001245,0.0014939999999999999
2026-01-11T22:54:10.015092,0.0,44.7,0.39902496337890625,5001.79248046875,7601.466796875,0.0036,0.0001245,0.0014939999999999999
2026-01-11T22:59:11.026073,0.0,44.9,0.40044403076171875,5001.79248046875,7602.095703125,0.0036,0.0001245,0.0014939999999999999
2026-01-11T23:04:12.036635,0.0,44.9,0.4011344909667969,5001.79248046875,7602.587890625,0.0036,0.0001245,0.0014939999999999999
2026-01-11T23:09:13.046991,1.0,43.6,0.3893547058105469,5001.79248046875,7603.013671875,0.003684,0.00012740499999999998,0.00152886
2026-01-11T23:14:14.057454,0.0,43.4,0.38770294189453125,5001.79248046875,7606.041015625,0.0036,0.0001245,0.0014939999999999999
2026-01-11T23:19:15.068663,0.0,43.6,0.389129638671875,5001.79248046875,7606.720703125,0.0036,0.0001245,0.0014939999999999999
2026-01-11T23:24:16.079252,0.0,43.6,0.3891143798828125,5001.79248046875,7607.216796875,0.0036,0.0001245,0.0014939999999999999
2026-01-11T23:29:17.090135,0.0,43.6,0.3891029357910156,5001.79248046875,7607.755859375,0.0036,0.0001245,0.0014939999999999999
2026-01-11T23:34:18.100789,0.0,43.6,0.3890876770019531,5001.79248046875,7608.216796875,0.0036,0.0001245,0.0014939999999999999
2026-01-11T23:39:19.111280,0.0,44.3,0.3956871032714844,5001.87060546875,7609.439453125,0.0036,0.0001245,0.0014939999999999999
2026-01-11T23:44:20.121695,0.0,44.3,0.3959083557128906,5001.87060546875,7610.220703125,0.0036,0.0001245,0.0014939999999999999
2026-01-11T23:49:21.132320,0.0,44.3,0.3959007263183594,5001.87060546875,7610.615234375,0.0036,0.0001245,0.0014939999999999999
2026-01-11T23:54:22.142898,0.0,44.3,0.39588165283203125,5001.87060546875,7611.181640625,0.0036,0.0001245,0.0014939999999999999
2026-01-11T23:59:23.153442,0.0,44.3,0.3958740234375,5001.87060546875,7611.611328125,0.0036,0.0001245,0.0014939999999999999
2026-01-12T00:04:24.164086,0.0,43.8,0.3908042907714844,5003.97607421875,7612.810546875,0.0036,0.0001245,0.0014939999999999999
2026-01-12T00:09:25.174599,0.0,43.9,0.3918304443359375,5004.42529296875,7614.103515625,0.0036,0.0001245,0.0014939999999999999
2026-01-12T00:14:26.185220,0.0,43.4,0.38733673095703125,5004.42529296875,7614.873046875,0.0036,0.0001245,0.0014939999999999999
2026-01-12T00:19:27.195901,0.0,46.0,0.41107940673828125,5004.42529296875,7619.919921875,0.0036,0.0001245,0.0014939999999999999
2026-01-12T00:24:28.206858,0.0,46.0,0.4110679626464844,5004.42529296875,7620.388671875,0.0036,0.0001245,0.0014939999999999999
2026-01-12T00:29:29.217485,0.0,45.2,0.4035797119140625,5004.42529296875,7621.029296875,0.0036,0.0001245,0.0014939999999999999
2026-01-12T00:34:30.228144,0.0,44.4,0.39655303955078125,5004.42529296875,7621.482421875,0.0036,0.0001245,0.0014939999999999999
2026-01-12T00:39:31.238878,0.0,44.9,0.40081024169921875,5004.65966796875,7623.099609375,0.0036,0.0001245,0.0014939999999999999
2026-01-12T00:44:32.250199,0.0,44.9,0.4007987976074219,5004.65966796875,7624.064453125,0.0036,0.0001245,0.0014939999999999999
2026-01-12T00:49:33.261947,0.0,44.9,0.4007835388183594,5004.65966796875,7624.462890625,0.0036,0.0001245,0.0014939999999999999
2026-01-12T00:54:34.272563,0.0,44.9,0.40076446533203125,5004.65966796875,7624.904296875,0.0036,0.0001245,0.0014939999999999999
2026-01-12T00:59:35.283309,0.0,44.9,0.4007568359375,5004.65966796875,7625.275390625,0.0036,0.0001245,0.0014939999999999999
2026-01-12T01:04:36.294067,0.5,44.9,0.4007530212402344,5004.65966796875,7625.716796875,0.003642,0.00012595249999999998,0.0015114299999999998
2026-01-12T01:09:37.305166,0.0,44.9,0.4007453918457031,5004.65966796875,7626.107421875,0.0036,0.0001245,0.0014939999999999999
2026-01-12T01:14:38.316066,0.0,43.4,0.38771820068359375,5004.65966796875,7627.478515625,0.0036,0.0001245,0.0014939999999999999
2026-01-12T01:19:39.326866,0.0,43.6,0.3891448974609375,5004.65966796875,7629.216796875,0.0036,0.0001245,0.0014939999999999999
2026-01-12T01:24:40.337628,0.0,43.6,0.38938140869140625,5004.65966796875,7629.630859375,0.0036,0.0001245,0.0014939999999999999
2026-01-12T01:29:41.353241,0.0,44.2,0.3942680358886719,5007.67919921875,7633.458984375,0.0036,0.0001245,0.0014939999999999999
2026-01-12T01:34:42.364458,0.0,44.2,0.39424896240234375,5007.67919921875,7633.951171875,0.0036,0.0001245,0.0014939999999999999
2026-01-12T01:39:43.375219,0.0,44.2,0.39471435546875,5007.67919921875,7634.587890625,0.0036,0.0001245,0.0014939999999999999
2026-01-12T01:44:44.386157,0.0,44.4,0.396392822265625,5007.67919921875,7634.998046875,0.0036,0.0001245,0.0014939999999999999
2026-01-12T01:49:45.396846,0.0,44.4,0.39638519287109375,5007.67919921875,7635.443359375,0.0036,0.0001245,0.0014939999999999999
2026-01-12T01:54:46.407892,0.0,44.6,0.39775848388671875,5007.67919921875,7636.732421875,0.0036,0.0001245,0.0014939999999999999
2026-01-12T01:59:47.419092,0.0,44.7,0.3987083435058594,5007.67919921875,7637.107421875,0.0036,0.0001245,0.0014939999999999999
2026-01-12T02:04:48.429911,0.0,44.7,0.3987007141113281,5007.67919921875,7637.560546875,0.0036,0.0001245,0.0014939999999999999
2026-01-12T02:09:49.441344,0.0,44.7,0.3986854553222656,5007.67919921875,7638.052734375,0.0036,0.0001245,0.0014939999999999999
2026-01-12T02:14:50.452560,0.0,44.7,0.39867401123046875,5007.67919921875,7638.556640625,0.0036,0.0001245,0.0014939999999999999
2026-01-12T02:19:51.464045,0.0,44.7,0.3986549377441406,5007.67919921875,7639.275390625,0.0036,0.0001245,0.0014939999999999999
2026-01-12T02:24:52.474856,0.0,44.6,0.3985176086425781,5007.67919921875,7639.701171875,0.0036,0.0001245,0.0014939999999999999
2026-01-12T02:29:53.485666,0.0,44.6,0.3985137939453125,5007.67919921875,7640.111328125,0.0036,0.0001245,0.0014939999999999999
2026-01-12T02:34:54.496511,0.0,44.7,0.39897918701171875,5007.67919921875,7640.845703125,0.0036,0.0001245,0.0014939999999999999
2026-01-12T02:39:55.507416,0.0,45.5,0.40662384033203125,5007.67919921875,7641.611328125,0.0036,0.0001245,0.0014939999999999999
2026-01-12T02:44:56.518324,0.0,45.7,0.4075736999511719,5007.67919921875,7642.009765625,0.0036,0.0001245,0.0014939999999999999
2026-01-12T02:49:57.529460,0.0,45.7,0.4075660705566406,5007.67919921875,7642.419921875,0.0036,0.0001245,0.0014939999999999999
2026-01-12T02:54:58.540442,0.0,45.6,0.4075508117675781,5007.67919921875,7642.861328125,0.0036,0.0001245,0.0014939999999999999
2026-01-12T02:59:59.551534,0.0,45.6,0.4075431823730469,5007.67919921875,7643.494140625,0.0036,0.0001245,0.0014939999999999999
2026-01-12T03:05:00.569432,0.0,45.6,0.4075355529785156,5007.67919921875,7643.923828125,0.0036,0.0001245,0.0014939999999999999
2026-01-12T03:10:01.585331,0.0,45.6,0.40753173828125,5007.67919921875,7644.341796875,0.0036,0.0001245,0.0014939999999999999
2026-01-12T03:15:02.596891,0.0,45.6,0.4075126647949219,5007.67919921875,7645.017578125,0.0036,0.0001245,0.0014939999999999999
2026-01-12T03:20:03.608986,0.0,45.6,0.4075050354003906,5007.67919921875,7645.892578125,0.0036,0.0001245,0.0014939999999999999
2026-01-12T03:25:04.620040,0.0,45.6,0.40749359130859375,5007.67919921875,7646.076171875,0.0036,0.0001245,0.0014939999999999999
2026-01-12T03:30:05.631999,0.0,45.6,0.4074821472167969,5007.67919921875,7646.779296875,0.0036,0.0001245,0.0014939999999999999
2026-01-12T03:35:06.643277,0.0,45.5,0.4062614440917969,5007.67919921875,7647.673828125,0.0036,0.0001245,0.0014939999999999999
2026-01-12T03:40:07.654387,0.0,45.5,0.4062614440917969,5007.67919921875,7647.849609375,0.0036,0.0001245,0.0014939999999999999
2026-01-12T03:45:08.665604,0.0,45.5,0.406463623046875,5007.67919921875,7648.599609375,0.0036,0.0001245,0.0014939999999999999
2026-01-12T03:50:09.676736,0.0,45.5,0.4064598083496094,5007.67919921875,7649.009765625,0.0036,0.0001245,0.0014939999999999999
2026-01-12T03:55:10.687852,0.0,45.5,0.4064483642578125,5007.67919921875,7649.654296875,0.0036,0.0001245,0.0014939999999999999
2026-01-12T04:00:11.699012,0.0,44.2,0.39471435546875,5007.67919921875,7652.123046875,0.0036,0.0001245,0.0014939999999999999
2026-01-12T04:05:12.710030,0.0,44.4,0.3966178894042969,5007.67919921875,7652.587890625,0.0036,0.0001245,0.0014939999999999999
2026-01-12T04:10:13.721613,0.5,44.4,0.3966178894042969,5007.67919921875,7652.966796875,0.003642,0.00012595249999999998,0.0015114299999999998
2026-01-12T04:15:14.732829,0.5,44.4,0.3966026306152344,5007.67919921875,7653.474609375,0.003642,0.00012595249999999998,0.0015114299999999998
2026-01-12T04:20:15.743807,0.5,44.4,0.3965950012207031,5007.67919921875,7654.134765625,0.003642,0.00012595249999999998,0.0015114299999999998
2026-01-12T04:25:16.755159,0.0,44.4,0.3965797424316406,5007.67919921875,7654.826171875,0.0036,0.0001245,0.0014939999999999999
2026-01-12T04:30:17.767890,0.0,44.4,0.3965721130371094,5007.67919921875,7655.236328125,0.0036,0.0001245,0.0014939999999999999
2026-01-12T04:35:18.779253,0.0,44.4,0.3968048095703125,5007.67919921875,7655.658203125,0.0036,0.0001245,0.0014939999999999999
2026-01-12T04:40:19.790527,0.0,44.4,0.39679718017578125,5007.67919921875,7656.068359375,0.0036,0.0001245,0.0014939999999999999
2026-01-12T04:45:20.801924,0.0,44.6,0.3977546691894531,5007.67919921875,7656.763671875,0.0036,0.0001245,0.0014939999999999999
2026-01-12T04:50:21.813205,0.0,45.5,0.4058799743652344,5007.67919921875,7657.458984375,0.0036,0.0001245,0.0014939999999999999
2026-01-12T04:55:22.824506,0.0,45.5,0.4058799743652344,5007.67919921875,7657.947265625,0.0036,0.0001245,0.0014939999999999999
2026-01-12T05:00:23.835826,0.0,45.5,0.4058723449707031,5007.67919921875,7658.349609375,0.0036,0.0001245,0.0014939999999999999
2026-01-12T05:05:24.847209,0.0,45.5,0.4058685302734375,5007.67919921875,7659.021484375,0.0036,0.0001245,0.0014939999999999999
2026-01-12T05:10:25.858464,0.0,45.5,0.4058647155761719,5007.67919921875,7659.193359375,0.0036,0.0001245,0.0014939999999999999
2026-01-12T05:15:26.869718,0.0,45.5,0.4058570861816406,5007.67919921875,7660.025390625,0.0036,0.0001245,0.0014939999999999999
2026-01-12T05:20:27.881132,36.5,54.8,0.488922119140625,5270.32763671875,7711.873046875,0.006666,0.0002305325,0.00276639
2026-01-12T05:25:28.896700,1.0,48.7,0.43486785888671875,5469.19091796875,7948.966796875,0.003684,0.00012740499999999998,0.00152886
2026-01-12T05:30:29.908070,0.0,48.7,0.4345588684082031,5469.48779296875,7949.544921875,0.0036,0.0001245,0.0014939999999999999
2026-01-12T05:35:30.919431,0.0,47.9,0.4275245666503906,5476.08544921875,7950.439453125,0.0036,0.0001245,0.0014939999999999999
2026-01-12T05:40:31.930773,0.0,47.9,0.42775726318359375,5476.08544921875,7950.638671875,0.0036,0.0001245,0.0014939999999999999
2026-01-12T05:45:32.942045,0.0,46.9,0.41887664794921875,5477.17919921875,7951.896484375,0.0036,0.0001245,0.0014939999999999999
2026-01-12T05:50:33.953291,0.0,46.9,0.4188690185546875,5477.17919921875,7952.080078125,0.0036,0.0001245,0.0014939999999999999
2026-01-12T05:55:34.964842,0.5,46.9,0.4188652038574219,5477.17919921875,7952.751953125,0.003642,0.00012595249999999998,0.0015114299999999998
2026-01-12T06:00:35.976592,0.5,46.9,0.4188575744628906,5477.17919921875,7952.916015625,0.003642,0.00012595249999999998,0.0015114299999999998
2026-01-12T06:05:36.989330,0.0,46.9,0.419097900390625,5477.17919921875,7953.619140625,0.0036,0.0001245,0.0014939999999999999
2026-01-12T06:10:38.002011,0.0,46.9,0.419097900390625,5477.17919921875,7953.787109375,0.0036,0.0001245,0.0014939999999999999
2026-01-12T06:15:39.014097,0.0,46.9,0.4190864562988281,5477.17919921875,7954.693359375,0.0036,0.0001245,0.0014939999999999999
2026-01-12T06:20:40.027039,0.0,46.9,0.41907501220703125,5477.17919921875,7955.154296875,0.0036,0.0001245,0.0014939999999999999
2026-01-12T06:25:41.038729,0.0,50.1,0.4468421936035156,5571.46435546875,8026.904296875,0.0036,0.0001245,0.0014939999999999999
2026-01-12T06:30:42.051190,0.0,48.8,0.4353141784667969,5571.56201171875,8027.322265625,0.0036,0.0001245,0.0014939999999999999
2026-01-12T06:35:43.062695,0.5,48.8,0.4355430603027344,5571.56201171875,8028.021484375,0.003642,0.00012595249999999998,0.0015114299999999998
2026-01-12T06:40:44.074229,0.0,47.7,0.4261054992675781,5572.28466796875,8028.724609375,0.0036,0.0001245,0.0014939999999999999
2026-01-12T06:45:45.086016,0.0,47.7,0.42609405517578125,5572.28466796875,8029.396484375,0.0036,0.0001245,0.0014939999999999999
2026-01-12T06:50:46.097606,0.0,47.7,0.42609405517578125,5572.28466796875,8029.564453125,0.0036,0.0001245,0.0014939999999999999
2026-01-12T06:55:47.109765,0.0,47.7,0.4260711669921875,5572.28466796875,8030.208984375,0.0036,0.0001245,0.0014939999999999999
2026-01-12T07:00:48.121528,0.0,47.7,0.4260673522949219,5572.28466796875,8030.396484375,0.0036,0.0001245,0.0014939999999999999
2026-01-12T07:05:49.133182,0.0,47.7,0.4260444641113281,5572.28466796875,8031.103515625,0.0036,0.0001245,0.0014939999999999999
2026-01-12T07:10:50.144750,0.5,44.3,0.39553070068359375,5572.28466796875,8033.216796875,0.003642,0.00012595249999999998,0.0015114299999999998
2026-01-12T07:15:51.156309,0.0,44.2,0.3944244384765625,5572.28466796875,8034.658203125,0.0036,0.0001245,0.0014939999999999999
2026-01-12T07:20:52.167865,0.0,44.3,0.3958549499511719,5572.28466796875,8035.560546875,0.0036,0.0001245,0.0014939999999999999
2026-01-12T07:25:53.179635,0.0,44.1,0.3940391540527344,5572.28466796875,8036.650390625,0.0036,0.0001245,0.0014939999999999999
2026-01-12T07:30:54.191287,0.0,44.6,0.3980751037597656,5572.28466796875,8037.306640625,0.0036,0.0001245,0.0014939999999999999
2026-01-12T07:35:55.203274,0.0,44.4,0.3962821960449219,5572.28466796875,8038.373046875,0.0036,0.0001245,0.0014939999999999999
2026-01-12T07:40:56.215020,0.5,44.5,0.3969993591308594,5572.28466796875,8038.802734375,0.003642,0.00012595249999999998,0.0015114299999999998
2026-01-12T07:45:57.226752,0.0,44.5,0.3969879150390625,5572.28466796875,8039.248046875,0.0036,0.0001245,0.0014939999999999999
2026-01-12T07:50:58.238778,0.0,44.6,0.3983917236328125,5572.28466796875,8040.005859375,0.0036,0.0001245,0.0014939999999999999
2026-01-12T07:55:59.250490,1.0,44.6,0.3983650207519531,5572.28466796875,8040.478515625,0.003684,0.00012740499999999998,0.00152886
2026-01-12T08:01:00.265705,0.5,44.7,0.3993110656738281,5572.28466796875,8041.091796875,0.003642,0.00012595249999999998,0.0015114299999999998
2026-01-12T08:06:01.297904,0.0,44.7,0.3993034362792969,5572.28466796875,8041.541015625,0.0036,0.0001245,0.0014939999999999999
2026-01-12T08:11:02.337660,0.0,44.7,0.3992919921875,5572.28466796875,8041.955078125,0.0036,0.0001245,0.0014939999999999999
2026-01-12T08:16:03.352287,0.0,44.7,0.39928436279296875,5572.28466796875,8042.439453125,0.0036,0.0001245,0.0014939999999999999
2026-01-12T08:21:04.364151,0.0,44.9,0.4004669189453125,5572.28466796875,8043.341796875,0.0036,0.0001245,0.0014939999999999999
2026-01-12T08:26:05.376423,0.0,44.8,0.40032958984375,5572.28466796875,8043.841796875,0.0036,0.0001245,0.0014939999999999999
2026-01-12T08:31:06.388165,0.0,44.8,0.4003143310546875,5572.28466796875,8044.521484375,0.0036,0.0001245,0.0014939999999999999
2026-01-12T08:36:07.400012,0.0,44.8,0.40030670166015625,5572.28466796875,8044.951171875,0.0036,0.0001245,0.0014939999999999999
2026-01-12T08:41:08.412097,0.0,44.2,0.39423370361328125,5572.28466796875,8045.533203125,0.0036,0.0001245,0.0014939999999999999
2026-01-12T08:46:09.423993,0.0,44.2,0.3944664001464844,5572.28466796875,8046.009765625,0.0036,0.0001245,0.0014939999999999999
2026-01-12T08:51:10.435800,0.0,44.2,0.3946952819824219,5572.28466796875,8046.474609375,0.0036,0.0001245,0.0014939999999999999
2026-01-12T08:56:11.447863,0.0,44.3,0.3951568603515625,5572.28466796875,8047.095703125,0.0036,0.0001245,0.0014939999999999999
2026-01-12T09:01:12.460898,0.0,44.3,0.3958740234375,5572.28466796875,8047.525390625,0.0036,0.0001245,0.0014939999999999999
2026-01-12T09:06:13.473047,0.0,44.4,0.3961067199707031,5572.28466796875,8047.966796875,0.0036,0.0001245,0.0014939999999999999
2026-01-12T09:11:14.485005,0.0,44.4,0.396820068359375,5572.28466796875,8048.376953125,0.0036,0.0001245,0.0014939999999999999
2026-01-12T09:16:15.497011,0.0,44.4,0.3968162536621094,5572.28466796875,8048.857421875,0.0036,0.0001245,0.0014939999999999999
2026-01-12T09:21:16.509254,0.0,44.5,0.3970489501953125,5572.28466796875,8049.564453125,0.0036,0.0001245,0.0014939999999999999
2026-01-12T09:26:17.521524,0.0,44.5,0.3970489501953125,5572.28466796875,8050.263671875,0.0036,0.0001245,0.0014939999999999999
2026-01-12T09:31:18.534086,0.0,48.1,0.42975616455078125,5575.42138671875,8066.326171875,0.0036,0.0001245,0.0014939999999999999
2026-01-12T09:36:19.546049,0.0,48.2,0.42998504638671875,5575.42138671875,8066.759765625,0.0036,0.0001245,0.0014939999999999999
2026-01-12T09:41:20.558221,0.0,47.3,0.4222831726074219,5575.42138671875,8067.251953125,0.0036,0.0001245,0.0014939999999999999
2026-01-12T09:46:21.570864,0.0,47.4,0.4227561950683594,5575.42138671875,8067.708984375,0.0036,0.0001245,0.0014939999999999999
2026-01-12T09:51:22.582834,0.0,47.4,0.4227485656738281,5575.42138671875,8068.138671875,0.0036,0.0001245,0.0014939999999999999
2026-01-12T09:56:23.594852,0.0,47.4,0.4229850769042969,5575.42138671875,8068.791015625,0.0036,0.0001245,0.0014939999999999999
2026-01-12T10:01:24.606989,0.0,47.4,0.4229774475097656,5575.42138671875,8069.263671875,0.0036,0.0001245,0.0014939999999999999
2026-01-12T10:06:25.619028,0.0,47.4,0.42296600341796875,5575.42138671875,8069.693359375,0.0036,0.0001245,0.0014939999999999999
2026-01-12T10:11:26.631795,0.0,47.4,0.42295074462890625,5575.42138671875,8070.419921875,0.0036,0.0001245,0.0014939999999999999
2026-01-12T10:16:27.643884,0.0,47.4,0.4228782653808594,5575.71435546875,8071.291015625,0.0036,0.0001245,0.0014939999999999999
2026-01-12T10:21:28.656030,0.0,47.4,0.42285919189453125,5575.71435546875,8072.208984375,0.0036,0.0001245,0.0014939999999999999
2026-01-12T10:26:29.668057,0.0,47.4,0.42284393310546875,5575.71435546875,8072.896484375,0.0036,0.0001245,0.0014939999999999999
2026-01-12T10:31:30.681061,0.0,47.4,0.4228324890136719,5575.71435546875,8073.341796875,0.0036,0.0001245,0.0014939999999999999
2026-01-12T10:36:31.693167,0.0,47.4,0.4228248596191406,5575.71435546875,8073.755859375,0.0036,0.0001245,0.0014939999999999999
2026-01-12T10:41:32.705632,0.0,47.4,0.4228096008300781,5575.71435546875,8074.212890625,0.0036,0.0001245,0.0014939999999999999
2026-01-12T10:46:33.718127,0.0,47.4,0.42279052734375,5575.71435546875,8074.685546875,0.0036,0.0001245,0.0014939999999999999
2026-01-12T10:51:34.732124,0.0,47.4,0.42278289794921875,5575.71435546875,8075.216796875,0.0036,0.0001245,0.0014939999999999999
2026-01-12T10:56:35.745633,0.0,47.4,0.4227790832519531,5575.71435546875,8075.638671875,0.0036,0.0001245,0.0014939999999999999
2026-01-12T11:01:36.757934,0.0,47.4,0.42275238037109375,5575.71435546875,8076.099609375,0.0036,0.0001245,0.0014939999999999999
2026-01-12T11:06:37.770382,0.0,47.3,0.4227294921875,5575.71435546875,8076.513671875,0.0036,0.0001245,0.0014939999999999999
2026-01-12T11:11:38.782496,0.0,47.2,0.421661376953125,5575.71435546875,8077.240234375,0.0036,0.0001245,0.0014939999999999999
2026-01-12T11:16:39.794678,0.0,47.2,0.4216499328613281,5575.71435546875,8077.771484375,0.0036,0.0001245,0.0014939999999999999
2026-01-12T11:21:40.807769,0.0,47.2,0.4216346740722656,5575.71435546875,8078.755859375,0.0036,0.0001245,0.0014939999999999999
2026-01-12T11:26:41.820000,0.0,47.2,0.4216270446777344,5575.71435546875,8079.208984375,0.0036,0.0001245,0.0014939999999999999
2026-01-12T11:31:42.832405,0.0,47.2,0.4216194152832031,5575.71435546875,8079.654296875,0.0036,0.0001245,0.0014939999999999999
2026-01-12T11:36:43.844613,0.0,47.2,0.4216194152832031,5575.71435546875,8080.072265625,0.0036,0.0001245,0.0014939999999999999
2026-01-12T11:41:44.857166,0.0,47.2,0.42160797119140625,5575.71435546875,8080.537109375,0.0036,0.0001245,0.0014939999999999999
2026-01-12T11:46:45.869394,0.0,47.2,0.4215965270996094,5575.71435546875,8081.173828125,0.0036,0.0001245,0.0014939999999999999
2026-01-12T11:51:46.881910,0.5,47.2,0.4215812683105469,5575.71435546875,8081.638671875,0.003642,0.00012595249999999998,0.0015114299999999998
2026-01-12T11:56:47.894215,0.0,47.2,0.4215736389160156,5575.71435546875,8082.080078125,0.0036,0.0001245,0.0014939999999999999
2026-01-12T12:01:48.907121,0.0,47.2,0.4215583801269531,5575.71435546875,8082.615234375,0.0036,0.0001245,0.0014939999999999999
2026-01-12T12:06:49.919634,0.0,47.2,0.4215431213378906,5575.71435546875,8083.029296875,0.0036,0.0001245,0.0014939999999999999
2026-01-12T12:11:50.932384,0.0,47.2,0.4215354919433594,5575.71435546875,8083.466796875,0.0036,0.0001245,0.0014939999999999999
2026-01-12T12:16:51.944767,0.0,47.2,0.4217414855957031,5575.71435546875,8084.201171875,0.0036,0.0001245,0.0014939999999999999
2026-01-12T12:21:52.957720,0.0,47.2,0.4217338562011719,5575.71435546875,8084.962890625,0.0036,0.0001245,0.0014939999999999999
2026-01-12T12:26:53.970186,0.0,47.2,0.4217185974121094,5575.71435546875,8085.466796875,0.0036,0.0001245,0.0014939999999999999
2026-01-12T12:31:54.982671,0.0,47.3,0.4219322204589844,5575.71435546875,8085.962890625,0.0036,0.0001245,0.0014939999999999999
2026-01-12T12:36:55.995233,0.0,47.3,0.4219322204589844,5575.71435546875,8086.400390625,0.0036,0.0001245,0.0014939999999999999
2026-01-12T12:41:57.009283,0.0,47.3,0.4219207763671875,5575.71435546875,8087.064453125,0.0036,0.0001245,0.0014939999999999999
2026-01-12T12:46:58.021585,0.0,46.4,0.4144172668457031,5575.71435546875,8087.751953125,0.0036,0.0001245,0.0014939999999999999
2026-01-12T12:51:59.034226,0.0,46.4,0.4144134521484375,5575.71435546875,8088.224609375,0.0036,0.0001245,0.0014939999999999999
2026-01-12T12:57:00.083368,0.0,46.4,0.4144020080566406,5575.71435546875,8088.681640625,0.0036,0.0001245,0.0014939999999999999
2026-01-12T13:02:01.096747,0.0,46.4,0.41439056396484375,5575.71435546875,8089.154296875,0.0036,0.0001245,0.0014939999999999999
2026-01-12T13:07:02.114004,0.0,46.4,0.41437530517578125,5575.71435546875,8089.568359375,0.0036,0.0001245,0.0014939999999999999
2026-01-12T13:12:03.129048,0.0,46.4,0.41436004638671875,5575.71435546875,8090.294921875,0.0036,0.0001245,0.0014939999999999999
2026-01-12T13:17:04.142048,0.0,46.4,0.4143524169921875,5575.71435546875,8090.798828125,0.0036,0.0001245,0.0014939999999999999
2026-01-12T13:22:05.154693,0.5,46.4,0.4145927429199219,5575.71435546875,8091.490234375,0.003642,0.00012595249999999998,0.0015114299999999998
2026-01-12T13:27:06.167249,0.0,46.4,0.4145851135253906,5575.71435546875,8091.923828125,0.0036,0.0001245,0.0014939999999999999
2026-01-12T13:32:07.179822,0.0,48.0,0.4285621643066406,5609.04248046875,8092.876953125,0.0036,0.0001245,0.0014939999999999999
2026-01-12T13:37:08.193174,0.0,48.0,0.42855072021484375,5609.04248046875,8093.419921875,0.0036,0.0001245,0.0014939999999999999
2026-01-12T13:42:09.206059,0.0,48.0,0.42853546142578125,5609.04248046875,8093.912109375,0.0036,0.0001245,0.0014939999999999999
2026-01-12T13:47:10.218436,0.0,48.0,0.4285240173339844,5609.04248046875,8094.322265625,0.0036,0.0001245,0.0014939999999999999
2026-01-12T13:52:11.231138,0.0,48.0,0.4285087585449219,5609.04248046875,8094.798828125,0.0036,0.0001245,0.0014939999999999999
2026-01-12T13:57:12.243791,0.0,47.1,0.4208106994628906,5609.04248046875,8095.283203125,0.0036,0.0001245,0.0014939999999999999
2026-01-12T14:02:13.256882,0.0,47.2,0.4210357666015625,5609.04248046875,8095.720703125,0.0036,0.0001245,0.0014939999999999999
2026-01-12T14:07:14.269728,0.0,47.2,0.42102813720703125,5609.04248046875,8096.263671875,0.0036,0.0001245,0.0014939999999999999
2026-01-12T14:12:15.282755,0.0,47.2,0.42101287841796875,5609.04248046875,8096.744140625,0.0036,0.0001245,0.0014939999999999999
2026-01-12T14:17:16.295484,0.0,47.2,0.42101287841796875,5609.04248046875,8097.244140625,0.0036,0.0001245,0.0014939999999999999
2026-01-12T14:22:17.308270,0.0,47.2,0.4210014343261719,5609.04248046875,8097.939453125,0.0036,0.0001245,0.0014939999999999999
2026-01-12T14:27:18.321055,0.0,47.2,0.4209938049316406,5609.04248046875,8098.654296875,0.0036,0.0001245,0.0014939999999999999
2026-01-12T14:32:19.334026,0.0,46.9,0.4184074401855469,5609.04248046875,8099.373046875,0.0036,0.0001245,0.0014939999999999999
2026-01-12T14:37:20.384997,0.0,47.1,0.4202919006347656,5609.04248046875,8100.021484375,0.0036,0.0001245,0.0014939999999999999
2026-01-12T14:42:21.398368,0.0,47.2,0.42101287841796875,5609.04248046875,8100.455078125,0.0036,0.0001245,0.0014939999999999999
2026-01-12T14:47:22.411487,0.0,47.2,0.42101287841796875,5609.04248046875,8100.880859375,0.0036,0.0001245,0.0014939999999999999
2026-01-12T14:52:23.424352,0.0,47.0,0.4198265075683594,5609.04248046875,8101.361328125,0.0036,0.0001245,0.0014939999999999999
2026-01-12T14:57:24.437230,0.0,46.9,0.41867828369140625,5615.90185546875,8102.384765625,0.0036,0.0001245,0.0014939999999999999
2026-01-12T15:02:25.450349,0.0,46.9,0.41867828369140625,5615.90185546875,8102.880859375,0.0036,0.0001245,0.0014939999999999999
2026-01-12T15:07:26.463137,0.0,46.1,0.4112815856933594,5615.90185546875,8103.525390625,0.0036,0.0001245,0.0014939999999999999
2026-01-12T15:12:27.476137,0.0,44.1,0.3936805725097656,5615.90185546875,8104.880859375,0.0036,0.0001245,0.0014939999999999999
2026-01-12T15:17:28.489047,0.0,44.2,0.394866943359375,5615.90185546875,8105.408203125,0.0036,0.0001245,0.0014939999999999999
2026-01-12T15:22:29.502201,0.0,44.3,0.39580535888671875,5615.90185546875,8106.103515625,0.0036,0.0001245,0.0014939999999999999
2026-01-12T15:27:30.515408,0.5,44.4,0.396514892578125,5615.90185546875,8106.689453125,0.003642,0.00012595249999999998,0.0015114299999999998
2026-01-12T15:32:31.528271,0.0,44.4,0.39673614501953125,5615.90185546875,8107.189453125,0.0036,0.0001245,0.0014939999999999999
2026-01-12T15:37:32.541552,0.0,44.4,0.3967247009277344,5615.90185546875,8107.611328125,0.0036,0.0001245,0.0014939999999999999
2026-01-12T15:42:33.554341,0.0,44.5,0.3969535827636719,5615.90185546875,8108.048828125,0.0036,0.0001245,0.0014939999999999999
2026-01-12T15:47:34.567162,0.0,44.5,0.39717864990234375,5615.90185546875,8108.482421875,0.0036,0.0001245,0.0014939999999999999
2026-01-12T15:52:35.580297,0.0,44.6,0.3978843688964844,5615.90185546875,8109.427734375,0.0036,0.0001245,0.0014939999999999999
2026-01-12T15:57:36.593727,0.5,44.6,0.3978843688964844,5615.90185546875,8109.916015625,0.003642,0.00012595249999999998,0.0015114299999999998
2026-01-12T16:02:37.606933,0.0,44.6,0.3978729248046875,5615.90185546875,8110.408203125,0.0036,0.0001245,0.0014939999999999999
2026-01-12T16:07:38.620018,0.0,44.6,0.3978614807128906,5615.90185546875,8110.830078125,0.0036,0.0001245,0.0014939999999999999
2026-01-12T16:12:39.633383,0.0,44.6,0.39785003662109375,5615.90185546875,8111.322265625,0.0036,0.0001245,0.0014939999999999999
2026-01-12T16:17:40.646500,0.0,44.3,0.3950843811035156,5615.90185546875,8112.560546875,0.0036,0.0001245,0.0014939999999999999
2026-01-12T16:22:41.659475,0.0,44.1,0.3936576843261719,5615.90185546875,8113.853515625,0.0036,0.0001245,0.0014939999999999999
2026-01-12T16:27:42.672516,0.0,44.3,0.39508819580078125,5615.90185546875,8114.279296875,0.0036,0.0001245,0.0014939999999999999
2026-01-12T16:32:43.685511,0.0,44.3,0.39531707763671875,5615.90185546875,8114.779296875,0.0036,0.0001245,0.0014939999999999999
2026-01-12T16:37:44.698475,0.0,44.3,0.3955535888671875,5615.90185546875,8115.201171875,0.0036,0.0001245,0.0014939999999999999
2026-01-12T16:42:45.711346,0.0,44.3,0.3955497741699219,5615.90185546875,8115.634765625,0.0036,0.0001245,0.0014939999999999999
2026-01-12T16:47:46.724235,0.0,44.4,0.3962593078613281,5615.90185546875,8116.341796875,0.0036,0.0001245,0.0014939999999999999
2026-01-12T16:52:47.737456,0.0,44.1,0.39403533935546875,5615.90185546875,8117.236328125,0.0036,0.0001245,0.0014939999999999999
2026-01-12T16:57:48.751007,0.0,44.2,0.3949699401855469,5615.90185546875,8117.732421875,0.0036,0.0001245,0.0014939999999999999
2026-01-12T17:02:49.764287,0.0,44.3,0.39520263671875,5615.90185546875,8118.189453125,0.0036,0.0001245,0.0014939999999999999
2026-01-12T17:07:50.777530,0.0,44.3,0.39519500732421875,5615.90185546875,8118.611328125,0.0036,0.0001245,0.0014939999999999999
2026-01-12T17:12:51.790692,0.0,44.3,0.3959083557128906,5615.90185546875,8119.099609375,0.0036,0.0001245,0.0014939999999999999
2026-01-12T17:17:52.803746,0.0,44.4,0.39612579345703125,5615.90185546875,8120.076171875,0.0036,0.0001245,0.0014939999999999999
2026-01-12T17:22:53.817153,0.0,44.3,0.3950958251953125,5615.90185546875,8120.849609375,0.0036,0.0001245,0.0014939999999999999
2026-01-12T17:27:54.830516,0.0,44.1,0.3937187194824219,5615.90185546875,8121.916015625,0.0036,0.0001245,0.0014939999999999999
2026-01-12T17:32:55.843782,0.0,44.6,0.3977775573730469,5615.90185546875,8122.416015625,0.0036,0.0001245,0.0014939999999999999
2026-01-12T17:37:56.857073,0.0,44.6,0.3977699279785156,5615.90185546875,8122.849609375,0.0036,0.0001245,0.0014939999999999999
2026-01-12T17:42:57.870808,0.0,44.6,0.39776611328125,5615.90185546875,8123.287109375,0.0036,0.0001245,0.0014939999999999999
2026-01-12T17:47:58.884113,0.0,44.6,0.39776611328125,5615.90185546875,8123.900390625,0.0036,0.0001245,0.0014939999999999999
2026-01-12T17:52:59.897445,0.0,44.6,0.3979835510253906,5615.90185546875,8124.384765625,0.0036,0.0001245,0.0014939999999999999
2026-01-12T17:58:00.910521,0.0,44.7,0.3991737365722656,5615.90185546875,8124.849609375,0.0036,0.0001245,0.0014939999999999999
2026-01-12T18:03:01.943328,0.0,44.7,0.3991584777832031,5615.90185546875,8125.318359375,0.0036,0.0001245,0.0014939999999999999
2026-01-12T18:08:02.956880,0.5,44.7,0.3991546630859375,5615.90185546875,8125.732421875,0.003642,0.00012595249999999998,0.0015114299999999998
2026-01-12T18:13:03.971220,0.0,44.7,0.39913177490234375,5615.90185546875,8126.431640625,0.0036,0.0001245,0.0014939999999999999
2026-01-12T18:18:04.984462,0.0,44.7,0.39911651611328125,5615.90185546875,8127.236328125,0.0036,0.0001245,0.0014939999999999999
2026-01-12T18:23:05.997951,0.0,44.4,0.39672088623046875,5615.90185546875,8127.935546875,0.0036,0.0001245,0.0014939999999999999
2026-01-12T18:28:07.011458,0.0,44.4,0.39672088623046875,5615.90185546875,8128.353515625,0.0036,0.0001245,0.0014939999999999999
2026-01-12T18:33:08.025439,0.0,44.4,0.3967094421386719,5615.90185546875,8128.861328125,0.0036,0.0001245,0.0014939999999999999
2026-01-12T18:38:09.039173,0.0,44.6,0.39861297607421875,5615.90185546875,8129.470703125,0.0036,0.0001245,0.0014939999999999999
2026-01-12T18:43:10.052601,0.0,44.7,0.3993186950683594,5615.90185546875,8130.158203125,0.0036,0.0001245,0.0014939999999999999
2026-01-12T18:48:11.066014,0.0,44.7,0.3992958068847656,5615.90185546875,8130.865234375,0.0036,0.0001245,0.0014939999999999999
2026-01-12T18:53:12.083274,0.0,46.3,0.4130287170410156,5617.19482421875,8132.013671875,0.0036,0.0001245,0.0014939999999999999
2026-01-12T18:58:13.096584,0.0,46.3,0.4130096435546875,5617.19482421875,8132.427734375,0.0036,0.0001245,0.0014939999999999999
2026-01-12T19:03:14.110692,0.0,46.2,0.41262054443359375,5618.06982421875,8133.138671875,0.0036,0.0001245,0.0014939999999999999
2026-01-12T19:08:15.125193,0.0,46.2,0.41257476806640625,5618.09326171875,8133.888671875,0.0036,0.0001245,0.0014939999999999999
2026-01-12T19:13:16.139269,0.0,46.2,0.4125022888183594,5618.15185546875,8134.541015625,0.0036,0.0001245,0.0014939999999999999
2026-01-12T19:18:17.152919,0.0,46.2,0.4124908447265625,5618.15185546875,8135.341796875,0.0036,0.0001245,0.0014939999999999999
2026-01-12T19:23:18.166825,0.0,46.2,0.4124755859375,5618.15185546875,8135.810546875,0.0036,0.0001245,0.0014939999999999999
2026-01-12T19:28:19.180450,0.0,46.2,0.4127006530761719,5618.15185546875,8136.419921875,0.0036,0.0001245,0.0014939999999999999
2026-01-12T19:33:20.194261,0.0,46.2,0.4126930236816406,5618.15185546875,8136.904296875,0.0036,0.0001245,0.0014939999999999999
2026-01-12T19:38:21.207636,0.0,46.2,0.41268157958984375,5618.15185546875,8137.533203125,0.0036,0.0001245,0.0014939999999999999
2026-01-12T19:43:22.221156,0.0,46.2,0.41266632080078125,5618.15185546875,8138.013671875,0.0036,0.0001245,0.0014939999999999999
2026-01-12T19:48:23.235429,0.5,46.2,0.41265869140625,5618.15185546875,8138.439453125,0.003642,0.00012595249999999998,0.0015114299999999998
2026-01-12T19:53:24.248861,0.0,46.2,0.4126434326171875,5618.15185546875,8138.931640625,0.0036,0.0001245,0.0014939999999999999
2026-01-12T19:58:25.262945,0.0,46.2,0.4126396179199219,5618.15185546875,8139.349609375,0.0036,0.0001245,0.0014939999999999999
2026-01-12T20:03:26.276348,0.0,46.2,0.412872314453125,5618.15185546875,8140.267578125,0.0036,0.0001245,0.0014939999999999999
2026-01-12T20:08:27.290117,0.0,46.2,0.41286468505859375,5618.15185546875,8140.806640625,0.0036,0.0001245,0.0014939999999999999
2026-01-12T20:13:28.303983,0.0,46.2,0.4128570556640625,5618.15185546875,8141.365234375,0.0036,0.0001245,0.0014939999999999999
2026-01-12T20:18:29.318198,0.0,46.2,0.4128456115722656,5618.15185546875,8142.146484375,0.0036,0.0001245,0.0014939999999999999
2026-01-12T20:23:30.331710,0.0,46.2,0.4128303527832031,5618.15185546875,8142.615234375,0.0036,0.0001245,0.0014939999999999999
2026-01-12T20:28:31.345265,0.5,46.2,0.41281890869140625,5618.15185546875,8143.076171875,0.003642,0.00012595249999999998,0.0015114299999999998
2026-01-12T20:33:32.358819,0.0,46.2,0.4127922058105469,5618.15185546875,8143.837890625,0.0036,0.0001245,0.0014939999999999999
2026-01-12T20:38:33.372542,0.0,46.2,0.4127845764160156,5618.15185546875,8144.263671875,0.0036,0.0001245,0.0014939999999999999
2026-01-12T20:43:34.386522,0.0,46.2,0.41277313232421875,5618.15185546875,8144.705078125,0.0036,0.0001245,0.0014939999999999999
2026-01-12T20:48:35.400169,0.5,46.2,0.4127693176269531,5618.15185546875,8145.392578125,0.003642,0.00012595249999999998,0.0015114299999999998
2026-01-12T20:53:36.413840,0.5,46.2,0.4127616882324219,5618.15185546875,8145.869140625,0.003642,0.00012595249999999998,0.0015114299999999998
2026-01-12T20:58:37.427594,0.0,45.4,0.40529632568359375,5618.15185546875,8146.517578125,0.0036,0.0001245,0.0014939999999999999
2026-01-12T21:03:38.441423,0.0,45.0,0.40184783935546875,5618.15185546875,8147.478515625,0.0036,0.0001245,0.0014939999999999999
2026-01-12T21:08:39.455137,1.0,44.3,0.3954887390136719,5618.15185546875,8154.462890625,0.003684,0.00012740499999999998,0.00152886
2026-01-12T21:13:40.469074,0.0,44.6,0.3981895446777344,5618.15185546875,8161.728515625,0.0036,0.0001245,0.0014939999999999999
2026-01-12T21:18:41.482928,0.0,44.4,0.3961753845214844,5618.15185546875,8166.322265625,0.0036,0.0001245,0.0014939999999999999
2026-01-12T21:23:42.497244,0.0,44.4,0.3961677551269531,5618.15185546875,8166.833984375,0.0036,0.0001245,0.0014939999999999999
2026-01-12T21:28:43.511179,0.0,44.4,0.3961677551269531,5618.15185546875,8167.365234375,0.0036,0.0001245,0.0014939999999999999
2026-01-12T21:33:44.525078,0.0,44.5,0.3968849182128906,5618.15185546875,8167.837890625,0.0036,0.0001245,0.0014939999999999999
2026-01-12T21:38:45.539425,0.5,44.4,0.3967247009277344,5618.15185546875,8169.033203125,0.003642,0.00012595249999999998,0.0015114299999999998
2026-01-12T21:43:46.553149,0.0,44.2,0.3947334289550781,5618.15185546875,8172.986328125,0.0036,0.0001245,0.0014939999999999999
2026-01-12T21:48:47.566907,0.0,44.5,0.3971290588378906,5618.15185546875,8173.435546875,0.0036,0.0001245,0.0014939999999999999
2026-01-12T21:53:48.581546,0.0,44.7,0.3987998962402344,5618.15185546875,8174.146484375,0.0036,0.0001245,0.0014939999999999999
2026-01-12T21:58:49.596407,0.0,44.7,0.39879608154296875,5618.15185546875,8174.580078125,0.0036,0.0001245,0.0014939999999999999
2026-01-12T22:03:50.610419,0.0,44.7,0.398773193359375,5618.15185546875,8175.091796875,0.0036,0.0001245,0.0014939999999999999
2026-01-12T22:08:51.624678,0.5,44.7,0.3987617492675781,5618.15185546875,8175.525390625,0.003642,0.00012595249999999998,0.0015114299999999998
2026-01-12T22:13:52.639453,0.0,44.7,0.39875030517578125,5618.15185546875,8176.021484375,0.0036,0.0001245,0.0014939999999999999
2026-01-12T22:18:53.653663,0.0,44.7,0.39898681640625,5618.15185546875,8176.771484375,0.0036,0.0001245,0.0014939999999999999
2026-01-12T22:23:54.667583,0.5,44.8,0.3996849060058594,5618.15185546875,8177.533203125,0.003642,0.00012595249999999998,0.0015114299999999998
2026-01-12T22:28:55.681340,0.0,44.8,0.39968109130859375,5618.15185546875,8177.994140625,0.0036,0.0001245,0.0014939999999999999
2026-01-12T22:33:56.695224,1.0,44.8,0.39966583251953125,5618.15185546875,8178.576171875,0.003684,0.00012740499999999998,0.00152886
2026-01-12T22:38:57.709051,0.0,44.8,0.3996620178222656,5618.15185546875,8179.189453125,0.0036,0.0001245,0.0014939999999999999
2026-01-12T22:43:58.723174,0.0,44.8,0.3996543884277344,5618.15185546875,8179.673828125,0.0036,0.0001245,0.0014939999999999999
2026-01-12T22:48:59.737266,0.0,44.8,0.3996429443359375,5618.15185546875,8180.630859375,0.0036,0.0001245,0.0014939999999999999
2026-01-12T22:54:00.751241,0.0,44.8,0.3996429443359375,5618.15185546875,8181.080078125,0.0036,0.0001245,0.0014939999999999999
2026-01-12T22:59:01.816364,0.0,44.8,0.3996315002441406,5618.15185546875,8181.576171875,0.0036,0.0001245,0.0014939999999999999
2026-01-12T23:04:02.830695,0.0,44.8,0.3996124267578125,5618.15185546875,8182.083984375,0.0036,0.0001245,0.0014939999999999999
2026-01-12T23:09:03.846832,0.0,44.8,0.4000663757324219,5618.15185546875,8182.701171875,0.0036,0.0001245,0.0014939999999999999
2026-01-12T23:14:04.860691,0.0,44.8,0.4000587463378906,5618.15185546875,8183.697265625,0.0036,0.0001245,0.0014939999999999999
2026-01-12T23:19:05.875060,0.0,44.8,0.4000511169433594,5618.15185546875,8184.384765625,0.0036,0.0001245,0.0014939999999999999
2026-01-12T23:24:06.888977,0.0,44.8,0.4002799987792969,5618.15185546875,8184.912109375,0.0036,0.0001245,0.0014939999999999999
2026-01-12T23:29:07.903669,0.0,44.8,0.4002723693847656,5618.15185546875,8185.361328125,0.0036,0.0001245,0.0014939999999999999
2026-01-12T23:34:08.917915,0.0,44.8,0.4002647399902344,5618.15185546875,8185.826171875,0.0036,0.0001245,0.0014939999999999999
2026-01-12T23:39:09.931951,0.0,44.8,0.4002532958984375,5618.15185546875,8186.494140625,0.0036,0.0001245,0.0014939999999999999
2026-01-12T23:44:10.946319,0.0,44.8,0.40024566650390625,5618.15185546875,8186.982421875,0.0036,0.0001245,0.0014939999999999999
2026-01-12T23:49:11.960449,0.0,44.8,0.4002418518066406,5618.15185546875,8187.458984375,0.0036,0.0001245,0.0014939999999999999
2026-01-12T23:54:12.974522,0.0,44.8,0.400238037109375,5618.15185546875,8187.904296875,0.0036,0.0001245,0.0014939999999999999
2026-01-12T23:59:13.988827,0.5,44.8,0.4002265930175781,5618.15185546875,8188.373046875,0.003642,0.00012595249999999998,0.0015114299999999998
2026-01-13T00:04:15.003348,0.0,44.7,0.39893341064453125,5620.00341796875,8190.724609375,0.0036,0.0001245,0.0014939999999999999
2026-01-13T00:09:16.017500,0.0,44.7,0.3994178771972656,5620.51904296875,8192.205078125,0.0036,0.0001245,0.0014939999999999999
2026-01-13T00:14:17.031609,0.0,44.7,0.39940643310546875,5620.51904296875,8192.728515625,0.0036,0.0001245,0.0014939999999999999
2026-01-13T00:19:18.046209,0.0,44.8,0.4003639221191406,5620.51904296875,8193.513671875,0.0036,0.0001245,0.0014939999999999999
2026-01-13T00:24:19.060741,0.0,44.8,0.4003562927246094,5620.51904296875,8194.087890625,0.0036,0.0001245,0.0014939999999999999
2026-01-13T00:29:20.075867,0.0,44.9,0.4005851745605469,5620.51904296875,8194.791015625,0.0036,0.0001245,0.0014939999999999999
2026-01-13T00:34:21.089871,0.0,50.0,0.44626617431640625,6087.90966796875,8561.720703125,0.0036,0.0001245,0.0014939999999999999
2026-01-13T00:39:22.104152,0.0,48.7,0.43509674072265625,6087.90966796875,8562.716796875,0.0036,0.0001245,0.0014939999999999999
2026-01-13T00:44:23.118466,0.0,48.8,0.43531036376953125,6088.14404296875,8563.158203125,0.0036,0.0001245,0.0014939999999999999
2026-01-13T00:49:24.132664,0.5,48.8,0.4352989196777344,6088.14404296875,8563.623046875,0.003642,0.00012595249999999998,0.0015114299999999998
2026-01-13T00:54:25.146910,0.5,48.8,0.4352874755859375,6088.14404296875,8564.111328125,0.003642,0.00012595249999999998,0.0015114299999999998
2026-01-13T00:59:26.161186,0.0,48.8,0.4352684020996094,6088.14404296875,8564.607421875,0.0036,0.0001245,0.0014939999999999999
2026-01-13T01:04:27.175666,0.0,48.8,0.4354972839355469,6088.14404296875,8565.080078125,0.0036,0.0001245,0.0014939999999999999
2026-01-13T01:09:28.190038,0.0,48.8,0.4354896545410156,6088.14404296875,8565.794921875,0.0036,0.0001245,0.0014939999999999999
2026-01-13T01:14:29.204263,0.0,48.8,0.4354667663574219,6088.14404296875,8566.412109375,0.0036,0.0001245,0.0014939999999999999
2026-01-13T01:19:30.218537,0.0,48.8,0.43544769287109375,6088.14404296875,8567.130859375,0.0036,0.0001245,0.0014939999999999999
2026-01-13T01:24:31.234556,0.0,48.8,0.4353218078613281,6088.14404296875,8567.587890625,0.0036,0.0001245,0.0014939999999999999
2026-01-13T01:29:32.248930,0.0,48.8,0.4353179931640625,6088.14404296875,8568.041015625,0.0036,0.0001245,0.0014939999999999999
2026-01-13T01:34:33.263629,0.0,48.7,0.4344062805175781,6089.06982421875,8569.001953125,0.0036,0.0001245,0.0014939999999999999
2026-01-13T01:39:34.278595,0.0,48.7,0.4344062805175781,6089.06982421875,8569.404296875,0.0036,0.0001245,0.0014939999999999999
2026-01-13T01:44:35.293469,0.0,48.7,0.4344062805175781,6089.06982421875,8569.876953125,0.0036,0.0001245,0.0014939999999999999
2026-01-13T01:49:36.308199,0.0,47.8,0.42694854736328125,6089.06982421875,8570.533203125,0.0036,0.0001245,0.0014939999999999999
2026-01-13T01:54:37.322870,0.0,47.8,0.4271697998046875,6089.06982421875,8571.076171875,0.0036,0.0001245,0.0014939999999999999
2026-01-13T01:59:38.337841,0.0,47.8,0.42716217041015625,6089.06982421875,8571.501953125,0.0036,0.0001245,0.0014939999999999999
2026-01-13T02:04:39.352517,0.0,44.5,0.397735595703125,6089.06982421875,8573.037109375,0.0036,0.0001245,0.0014939999999999999
2026-01-13T02:09:40.370487,0.0,44.7,0.39916229248046875,6089.06982421875,8573.494140625,0.0036,0.0001245,0.0014939999999999999
2026-01-13T02:14:41.384884,0.0,44.7,0.39914703369140625,6089.06982421875,8574.068359375,0.0036,0.0001245,0.0014939999999999999
2026-01-13T02:19:42.399413,0.0,44.7,0.3993682861328125,6089.06982421875,8574.830078125,0.0036,0.0001245,0.0014939999999999999
2026-01-13T02:24:43.414460,0.0,44.7,0.39936065673828125,6089.06982421875,8575.279296875,0.0036,0.0001245,0.0014939999999999999
2026-01-13T02:29:44.428846,0.0,44.8,0.3996009826660156,6089.06982421875,8575.935546875,0.0036,0.0001245,0.0014939999999999999
2026-01-13T02:34:45.443906,0.0,44.8,0.3995857238769531,6089.06982421875,8576.443359375,0.0036,0.0001245,0.0014939999999999999
2026-01-13T02:39:46.458458,0.5,44.8,0.3995819091796875,6089.06982421875,8576.845703125,0.003642,0.00012595249999999998,0.0015114299999999998
2026-01-13T02:44:47.473013,0.0,44.8,0.39957427978515625,6089.06982421875,8577.322265625,0.0036,0.0001245,0.0014939999999999999
2026-01-13T02:49:48.487893,0.0,44.8,0.3997993469238281,6089.06982421875,8578.021484375,0.0036,0.0001245,0.0014939999999999999
2026-01-13T02:54:49.502642,0.0,44.8,0.3997917175292969,6089.06982421875,8578.521484375,0.0036,0.0001245,0.0014939999999999999
2026-01-13T02:59:50.516948,0.0,44.8,0.4000244140625,6089.06982421875,8579.154296875,0.0036,0.0001245,0.0014939999999999999
2026-01-13T03:04:51.531371,0.0,44.9,0.4007377624511719,6089.06982421875,8579.611328125,0.0036,0.0001245,0.0014939999999999999
2026-01-13T03:09:52.546012,0.0,44.9,0.40073394775390625,6089.06982421875,8580.037109375,0.0036,0.0001245,0.0014939999999999999
2026-01-13T03:14:53.560612,0.0,44.9,0.40071868896484375,6089.06982421875,8580.798828125,0.0036,0.0001245,0.0014939999999999999
2026-01-13T03:19:54.575164,0.0,44.9,0.4009513854980469,6089.06982421875,8581.529296875,0.0036,0.0001245,0.0014939999999999999
2026-01-13T03:24:55.589720,0.0,44.9,0.4009513854980469,6089.06982421875,8582.201171875,0.0036,0.0001245,0.0014939999999999999
2026-01-13T03:29:56.604487,0.0,44.9,0.4009361267089844,6089.06982421875,8582.642578125,0.0036,0.0001245,0.0014939999999999999
2026-01-13T03:34:57.619140,0.0,44.9,0.4009246826171875,6089.06982421875,8583.169921875,0.0036,0.0001245,0.0014939999999999999
2026-01-13T03:39:58.634010,0.0,44.9,0.4009208679199219,6089.06982421875,8583.580078125,0.0036,0.0001245,0.0014939999999999999
2026-01-13T03:44:59.648549,0.0,44.9,0.4008979797363281,6089.06982421875,8584.056640625,0.0036,0.0001245,0.0014939999999999999
2026-01-13T03:50:00.663344,0.0,44.9,0.4008941650390625,6089.06982421875,8584.708984375,0.0036,0.0001245,0.0014939999999999999
2026-01-13T03:55:01.708116,0.0,44.9,0.4008941650390625,6089.06982421875,8585.212890625,0.0036,0.0001245,0.0014939999999999999
2026-01-13T04:00:02.725905,0.0,44.9,0.4008903503417969,6089.06982421875,8585.919921875,0.0036,0.0001245,0.0014939999999999999
2026-01-13T04:05:03.743790,0.0,44.9,0.4008750915527344,6089.06982421875,8586.396484375,0.0036,0.0001245,0.0014939999999999999
2026-01-13T04:10:04.759789,0.0,44.9,0.4008750915527344,6089.06982421875,8586.853515625,0.0036,0.0001245,0.0014939999999999999
2026-01-13T04:15:05.774777,0.0,44.9,0.4010963439941406,6089.06982421875,8587.568359375,0.0036,0.0001245,0.0014939999999999999
2026-01-13T04:20:06.790052,0.0,44.9,0.4006614685058594,6089.06982421875,8588.677734375,0.0036,0.0001245,0.0014939999999999999
2026-01-13T04:25:07.804716,0.0,45.0,0.4013710021972656,6089.06982421875,8589.212890625,0.0036,0.0001245,0.0014939999999999999
2026-01-13T04:30:08.819330,0.0,45.0,0.4013710021972656,6089.06982421875,8589.646484375,0.0036,0.0001245,0.0014939999999999999
2026-01-13T04:35:09.834234,0.0,45.0,0.4013671875,6089.06982421875,8590.087890625,0.0036,0.0001245,0.0014939999999999999
2026-01-13T04:40:10.848902,0.0,45.0,0.4013633728027344,6089.06982421875,8590.736328125,0.0036,0.0001245,0.0014939999999999999
2026-01-13T04:45:11.863640,0.0,45.0,0.40135955810546875,6089.06982421875,8591.255859375,0.0036,0.0001245,0.0014939999999999999
2026-01-13T04:50:12.879677,0.0,45.0,0.4018287658691406,6089.06982421875,8591.736328125,0.0036,0.0001245,0.0014939999999999999
2026-01-13T04:55:13.894532,0.0,45.0,0.401824951171875,6089.06982421875,8592.724609375,0.0036,0.0001245,0.0014939999999999999
2026-01-13T05:00:14.909264,0.0,45.0,0.4018135070800781,6089.06982421875,8592.916015625,0.0036,0.0001245,0.0014939999999999999
2026-01-13T05:05:15.924146,0.0,45.0,0.4017906188964844,6089.06982421875,8593.443359375,0.0036,0.0001245,0.0014939999999999999
2026-01-13T05:10:16.938985,0.0,45.0,0.40177154541015625,6089.06982421875,8594.236328125,0.0036,0.0001245,0.0014939999999999999
2026-01-13T05:15:17.954840,0.0,46.8,0.41820526123046875,6096.76513671875,8595.943359375,0.0036,0.0001245,0.0014939999999999999
2026-01-13T05:20:18.970042,0.0,46.8,0.41820526123046875,6096.76513671875,8596.681640625,0.0036,0.0001245,0.0014939999999999999
2026-01-13T05:25:19.985082,0.0,46.8,0.4182014465332031,6096.76513671875,8597.216796875,0.0036,0.0001245,0.0014939999999999999
2026-01-13T05:30:21.000005,1.0,46.8,0.4181861877441406,6096.76513671875,8597.681640625,0.003684,0.00012740499999999998,0.00152886
2026-01-13T05:35:22.020634,0.5,46.8,0.4181861877441406,6096.76513671875,8598.373046875,0.003642,0.00012595249999999998,0.0015114299999999998
2026-01-13T05:40:23.036650,0.5,46.8,0.41817474365234375,6096.76513671875,8598.837890625,0.003642,0.00012595249999999998,0.0015114299999999998
2026-01-13T05:45:24.051728,0.0,46.1,0.4111747741699219,6096.76513671875,8599.552734375,0.0036,0.0001245,0.0014939999999999999
2026-01-13T05:50:25.067088,0.0,46.1,0.41117095947265625,6096.76513671875,8599.998046875,0.0036,0.0001245,0.0014939999999999999
2026-01-13T05:55:26.082053,0.0,46.1,0.41117095947265625,6096.76513671875,8600.673828125,0.0036,0.0001245,0.0014939999999999999
2026-01-13T06:00:27.097446,0.0,46.1,0.41117095947265625,6096.76513671875,8600.884765625,0.0036,0.0001245,0.0014939999999999999
2026-01-13T06:05:28.116884,0.0,46.1,0.411865234375,6096.76513671875,8602.064453125,0.0036,0.0001245,0.0014939999999999999
2026-01-13T06:10:29.131875,0.0,46.2,0.4125862121582031,6096.76513671875,8602.310546875,0.0036,0.0001245,0.0014939999999999999
2026-01-13T06:15:30.146912,0.0,46.2,0.4125785827636719,6096.76513671875,8603.037109375,0.0036,0.0001245,0.0014939999999999999
2026-01-13T06:20:31.161929,0.0,46.2,0.4125709533691406,6096.76513671875,8603.529296875,0.0036,0.0001245,0.0014939999999999999
2026-01-13T06:25:32.176881,0.0,46.2,0.4124336242675781,6096.76513671875,8604.443359375,0.0036,0.0001245,0.0014939999999999999
2026-01-13T06:30:33.191840,0.0,46.2,0.4124336242675781,6096.76513671875,8604.880859375,0.0036,0.0001245,0.0014939999999999999
2026-01-13T06:35:34.207387,0.0,46.2,0.4124259948730469,6096.76513671875,8605.548828125,0.0036,0.0001245,0.0014939999999999999
2026-01-13T06:40:35.223382,0.0,46.2,0.4124183654785156,6096.76513671875,8605.748046875,0.0036,0.0001245,0.0014939999999999999
2026-01-13T06:45:36.238624,0.0,50.0,0.44638824462890625,6260.44091796875,8897.560546875,0.0036,0.0001245,0.0014939999999999999
2026-01-13T06:50:37.253931,0.0,48.7,0.4345970153808594,6260.67919921875,8898.259765625,0.0036,0.0001245,0.0014939999999999999
2026-01-13T06:55:38.269398,0.0,48.7,0.4345741271972656,6260.67919921875,8898.978515625,0.0036,0.0001245,0.0014939999999999999
2026-01-13T07:00:39.284856,0.5,48.7,0.43453216552734375,6260.68701171875,8899.498046875,0.003642,0.00012595249999999998,0.0015114299999999998
2026-01-13T07:05:40.300379,0.0,48.6,0.4342689514160156,6260.90576171875,8900.783203125,0.0036,0.0001245,0.0014939999999999999
2026-01-13T07:10:41.315555,0.0,47.3,0.4227180480957031,6260.90576171875,8901.267578125,0.0036,0.0001245,0.0014939999999999999
2026-01-13T07:15:42.330782,0.0,47.3,0.422637939453125,6260.90576171875,8902.048828125,0.0036,0.0001245,0.0014939999999999999
2026-01-13T07:20:43.346178,0.0,47.3,0.42259979248046875,6260.90966796875,8902.822265625,0.0036,0.0001245,0.0014939999999999999
2026-01-13T07:25:44.361327,0.0,47.3,0.42258453369140625,6260.90966796875,8903.318359375,0.0036,0.0001245,0.0014939999999999999
2026-01-13T07:30:45.376358,0.0,47.3,0.4225654602050781,6260.90966796875,8903.947265625,0.0036,0.0001245,0.0014939999999999999
2026-01-13T07:35:46.391524,0.0,47.3,0.42254638671875,6260.90966796875,8904.408203125,0.0036,0.0001245,0.0014939999999999999
2026-01-13T07:40:47.407388,0.0,47.3,0.4225311279296875,6260.90966796875,8904.611328125,0.0036,0.0001245,0.0014939999999999999
2026-01-13T07:45:48.422829,0.0,47.3,0.4225120544433594,6260.90966796875,8905.388671875,0.0036,0.0001245,0.0014939999999999999
2026-01-13T07:50:49.438415,0.0,47.3,0.4225006103515625,6260.90966796875,8905.607421875,0.0036,0.0001245,0.0014939999999999999
2026-01-13T07:55:50.453463,0.0,47.3,0.4224700927734375,6260.90966796875,8906.529296875,0.0036,0.0001245,0.0014939999999999999
2026-01-13T08:00:51.468454,0.0,47.3,0.4224510192871094,6260.90966796875,8907.001953125,0.0036,0.0001245,0.0014939999999999999
2026-01-13T08:05:52.483867,0.0,47.3,0.4224357604980469,6260.90966796875,8907.478515625,0.0036,0.0001245,0.0014939999999999999
2026-01-13T08:10:53.499436,0.0,47.3,0.42240142822265625,6260.90966796875,8907.927734375,0.0036,0.0001245,0.0014939999999999999
2026-01-13T08:15:54.516475,0.0,47.3,0.422576904296875,6260.90966796875,8909.009765625,0.0036,0.0001245,0.0014939999999999999
2026-01-13T08:20:55.532023,0.0,47.4,0.4227638244628906,6260.90966796875,8910.310546875,0.0036,0.0001245,0.0014939999999999999
2026-01-13T08:25:56.547453,0.0,47.3,0.4227256774902344,6260.90966796875,8911.095703125,0.0036,0.0001245,0.0014939999999999999
2026-01-13T08:30:57.563492,0.5,47.3,0.4227104187011719,6260.90966796875,8911.580078125,0.003642,0.00012595249999999998,0.0015114299999999998
2026-01-13T08:35:58.578771,0.0,47.3,0.42270660400390625,6260.90966796875,8912.033203125,0.0036,0.0001245,0.0014939999999999999
2026-01-13T08:40:59.594329,0.0,47.3,0.42266845703125,6260.90966796875,8912.501953125,0.0036,0.0001245,0.0014939999999999999
2026-01-13T08:46:00.609532,0.0,47.3,0.42264556884765625,6260.90966796875,8913.005859375,0.0036,0.0001245,0.0014939999999999999
2026-01-13T08:51:01.625379,0.0,47.3,0.4226112365722656,6260.90966796875,8913.677734375,0.0036,0.0001245,0.0014939999999999999
2026-01-13T08:56:02.643627,0.0,47.3,0.42259979248046875,6260.90966796875,8914.189453125,0.0036,0.0001245,0.0014939999999999999
2026-01-13T09:01:03.661580,0.0,47.3,0.4225578308105469,6260.90966796875,8914.662109375,0.0036,0.0001245,0.0014939999999999999
2026-01-13T09:06:04.677162,0.0,47.3,0.42253875732421875,6260.90966796875,8915.134765625,0.0036,0.0001245,0.0014939999999999999
2026-01-13T09:11:05.693259,0.0,47.3,0.42252349853515625,6260.90966796875,8915.587890625,0.0036,0.0001245,0.0014939999999999999
2026-01-13T09:16:06.708563,0.0,47.3,0.4225006103515625,6260.90966796875,8916.072265625,0.0036,0.0001245,0.0014939999999999999
2026-01-13T09:21:07.724131,0.0,47.3,0.422454833984375,6260.90966796875,8917.041015625,0.0036,0.0001245,0.0014939999999999999
2026-01-13T09:26:08.739671,0.0,47.3,0.42243194580078125,6260.90966796875,8917.517578125,0.0036,0.0001245,0.0014939999999999999
2026-01-13T09:31:09.755383,0.0,47.3,0.4224128723144531,6260.90966796875,8917.986328125,0.0036,0.0001245,0.0014939999999999999
2026-01-13T09:36:10.770827,0.0,47.3,0.4224052429199219,6260.90966796875,8918.447265625,0.0036,0.0001245,0.0014939999999999999
2026-01-13T09:41:11.786578,0.0,47.3,0.4223670959472656,6260.90966796875,8918.892578125,0.0036,0.0001245,0.0014939999999999999
2026-01-13T09:46:12.802029,0.0,47.3,0.4223365783691406,6260.90966796875,8919.599609375,0.0036,0.0001245,0.0014939999999999999
2026-01-13T09:51:13.817537,0.0,47.3,0.42230987548828125,6260.90966796875,8920.091796875,0.0036,0.0001245,0.0014939999999999999
2026-01-13T09:56:14.833489,0.0,49.2,0.43929290771484375,6264.61279296875,8936.591796875,0.0036,0.0001245,0.0014939999999999999
2026-01-13T10:01:15.850044,0.5,48.8,0.43570709228515625,6264.61279296875,8937.908203125,0.003642,0.00012595249999999998,0.0015114299999999998
2026-01-13T10:06:16.866134,0.0,47.5,0.42432403564453125,6264.61279296875,8938.626953125,0.0036,0.0001245,0.0014939999999999999
2026-01-13T10:11:17.882011,0.0,46.7,0.4169464111328125,6264.72607421875,8939.498046875,0.0036,0.0001245,0.0014939999999999999
2026-01-13T10:16:18.897646,0.0,45.7,0.4083061218261719,6266.74951171875,8943.322265625,0.0036,0.0001245,0.0014939999999999999
2026-01-13T10:21:19.915347,0.0,43.6,0.38915252685546875,6266.75732421875,8946.712890625,0.0036,0.0001245,0.0014939999999999999
2026-01-13T10:26:20.931201,0.0,43.7,0.39031982421875,6266.75732421875,8947.521484375,0.0036,0.0001245,0.0014939999999999999
2026-01-13T10:31:21.947026,0.0,43.8,0.3910064697265625,6266.75732421875,8948.005859375,0.0036,0.0001245,0.0014939999999999999
2026-01-13T10:36:22.962888,0.0,43.5,0.3887443542480469,6266.75732421875,8948.541015625,0.0036,0.0001245,0.0014939999999999999
2026-01-13T10:41:23.978822,0.0,43.5,0.3879852294921875,6266.75732421875,8951.083984375,0.0036,0.0001245,0.0014939999999999999
2026-01-13T10:46:24.995332,1.0,44.1,0.3936958312988281,6266.83544921875,8956.146484375,0.003684,0.00012740499999999998,0.00152886
2026-01-13T10:51:26.011463,1.0,43.8,0.3912925720214844,6266.85107421875,8962.873046875,0.003684,0.00012740499999999998,0.00152886
2026-01-13T10:56:27.027335,1.0,43.8,0.3907737731933594,6266.87451171875,8971.064453125,0.003684,0.00012740499999999998,0.00152886
2026-01-13T11:01:28.043651,0.0,43.8,0.3907012939453125,6266.87451171875,8972.283203125,0.0036,0.0001245,0.0014939999999999999
2026-01-13T11:06:29.059475,0.5,43.8,0.3914031982421875,6266.87451171875,8972.775390625,0.003642,0.00012595249999999998,0.0015114299999999998
2026-01-13T11:11:30.075272,0.5,44.0,0.3930549621582031,6266.87841796875,8973.525390625,0.003642,0.00012595249999999998,0.0015114299999999998
2026-01-13T11:16:31.091289,0.0,44.1,0.3935279846191406,6266.87841796875,8973.978515625,0.0036,0.0001245,0.0014939999999999999
2026-01-13T11:21:32.107480,0.0,44.1,0.3934898376464844,6266.87841796875,8974.724609375,0.0036,0.0001245,0.0014939999999999999
2026-01-13T11:26:33.123359,0.0,44.7,0.3989677429199219,6266.87841796875,8975.951171875,0.0036,0.0001245,0.0014939999999999999
2026-01-13T11:31:34.139355,0.0,44.7,0.3989219665527344,6266.87841796875,8976.736328125,0.0036,0.0001245,0.0014939999999999999
2026-01-13T11:36:35.155572,0.0,44.7,0.3988914489746094,6266.87841796875,8977.376953125,0.0036,0.0001245,0.0014939999999999999
2026-01-13T11:41:36.171414,0.0,44.7,0.3988609313964844,6266.87841796875,8977.912109375,0.0036,0.0001245,0.0014939999999999999
2026-01-13T11:46:37.187391,0.0,44.7,0.398834228515625,6266.87841796875,8978.455078125,0.0036,0.0001245,0.0014939999999999999
2026-01-13T11:51:38.203048,0.0,44.7,0.3988151550292969,6266.87841796875,8978.916015625,0.0036,0.0001245,0.0014939999999999999
2026-01-13T11:56:39.219121,0.0,44.7,0.39878082275390625,6266.88232421875,8979.384765625,0.0036,0.0001245,0.0014939999999999999
2026-01-13T12:01:40.235236,0.0,44.7,0.3987617492675781,6266.88232421875,8979.884765625,0.0036,0.0001245,0.0014939999999999999
2026-01-13T12:06:41.250940,0.0,44.6,0.39861297607421875,6266.88232421875,8980.529296875,0.0036,0.0001245,0.0014939999999999999
2026-01-13T12:11:42.267019,0.0,44.6,0.398590087890625,6266.88232421875,8980.998046875,0.0036,0.0001245,0.0014939999999999999
2026-01-13T12:16:43.282818,0.0,44.6,0.3985710144042969,6266.88232421875,8981.447265625,0.0036,0.0001245,0.0014939999999999999
2026-01-13T12:21:44.298844,0.5,44.6,0.39853668212890625,6266.88232421875,8982.232421875,0.003642,0.00012595249999999998,0.0015114299999999998
2026-01-13T12:26:45.314781,0.5,44.6,0.3985137939453125,6266.88232421875,8982.736328125,0.003642,0.00012595249999999998,0.0015114299999999998
2026-01-13T12:31:46.330269,0.0,44.6,0.3984794616699219,6266.88232421875,8983.455078125,0.0036,0.0001245,0.0014939999999999999
2026-01-13T12:36:47.346541,0.0,44.6,0.3984565734863281,6266.88232421875,8983.912109375,0.0036,0.0001245,0.0014939999999999999
2026-01-13T12:41:48.362731,0.0,44.6,0.3984336853027344,6266.88232421875,8984.408203125,0.0036,0.0001245,0.0014939999999999999
2026-01-13T12:46:49.378618,0.0,44.6,0.3984031677246094,6266.88232421875,8984.916015625,0.0036,0.0001245,0.0014939999999999999
2026-01-13T12:51:50.394897,0.0,44.6,0.39838409423828125,6266.88232421875,8985.439453125,0.0036,0.0001245,0.0014939999999999999
2026-01-13T12:56:51.411176,0.5,44.7,0.3987998962402344,6266.88232421875,8986.349609375,0.003642,0.00012595249999999998,0.0015114299999999998
2026-01-13T13:01:52.427259,0.0,44.9,0.40045166015625,6266.88232421875,8987.607421875,0.0036,0.0001245,0.0014939999999999999
2026-01-13T13:06:53.443834,0.0,44.9,0.4004249572753906,6266.88232421875,8988.103515625,0.0036,0.0001245,0.0014939999999999999
2026-01-13T13:11:54.460041,0.0,44.8,0.4004058837890625,6266.88232421875,8988.611328125,0.0036,0.0001245,0.0014939999999999999
2026-01-13T13:16:55.476222,0.0,45.1,0.4027442932128906,6266.88232421875,8989.802734375,0.0036,0.0001245,0.0014939999999999999
2026-01-13T13:21:56.492413,0.0,45.1,0.4026985168457031,6266.88232421875,8991.033203125,0.0036,0.0001245,0.0014939999999999999
2026-01-13T13:26:57.508612,0.5,45.1,0.402679443359375,6266.88232421875,8991.509765625,0.003642,0.00012595249999999998,0.0015114299999999998
2026-01-13T13:31:58.525409,0.0,45.1,0.4026451110839844,6266.88232421875,8992.037109375,0.0036,0.0001245,0.0014939999999999999
2026-01-13T13:36:59.541596,0.0,45.1,0.4026336669921875,6266.88232421875,8992.505859375,0.0036,0.0001245,0.0014939999999999999
2026-01-13T13:42:00.558000,0.0,45.1,0.40261077880859375,6266.88232421875,8992.970703125,0.0036,0.0001245,0.0014939999999999999
2026-01-13T13:47:01.619097,0.0,45.1,0.402587890625,6266.88232421875,8993.529296875,0.0036,0.0001245,0.0014939999999999999
2026-01-13T13:52:02.635695,0.0,45.1,0.40254974365234375,6266.88232421875,8994.259765625,0.0036,0.0001245,0.0014939999999999999
2026-01-13T13:57:03.652618,0.0,45.1,0.4025230407714844,6266.88232421875,8994.791015625,0.0036,0.0001245,0.0014939999999999999
2026-01-13T14:02:04.669279,0.0,45.9,0.4093589782714844,6274.20654296875,8995.822265625,0.0036,0.0001245,0.0014939999999999999
2026-01-13T14:07:05.685504,0.0,45.9,0.41005706787109375,6274.20654296875,8996.572265625,0.0036,0.0001245,0.0014939999999999999
2026-01-13T14:12:06.701893,0.0,45.9,0.41002655029296875,6274.20654296875,8997.099609375,0.0036,0.0001245,0.0014939999999999999
2026-01-13T14:17:07.718394,0.0,45.9,0.40999603271484375,6274.20654296875,8997.775390625,0.0036,0.0001245,0.0014939999999999999
2026-01-13T14:22:08.735252,0.0,46.0,0.41069793701171875,6274.20654296875,8998.541015625,0.0036,0.0001245,0.0014939999999999999
2026-01-13T14:27:09.753001,0.0,46.0,0.41092681884765625,6274.20654296875,8999.048828125,0.0036,0.0001245,0.0014939999999999999
2026-01-13T14:32:10.769214,0.0,46.1,0.4115867614746094,6274.20654296875,8999.888671875,0.0036,0.0001245,0.0014939999999999999
2026-01-13T14:37:11.786009,0.0,45.3,0.4045562744140625,6274.20654296875,9000.529296875,0.0036,0.0001245,0.0014939999999999999
2026-01-13T14:42:12.803589,0.0,45.3,0.4045257568359375,6274.20654296875,9001.197265625,0.0036,0.0001245,0.0014939999999999999
2026-01-13T14:47:13.820187,0.0,45.8,0.4085731506347656,6274.20654296875,9002.474609375,0.0036,0.0001245,0.0014939999999999999
2026-01-13T14:52:14.836665,0.5,45.8,0.408538818359375,6274.20654296875,9003.267578125,0.003642,0.00012595249999999998,0.0015114299999999998
2026-01-13T14:57:15.853082,0.0,45.8,0.4085235595703125,6274.20654296875,9003.751953125,0.0036,0.0001245,0.0014939999999999999
2026-01-13T15:02:16.869656,0.5,45.8,0.4085044860839844,6274.20654296875,9004.240234375,0.003642,0.00012595249999999998,0.0015114299999999998
2026-01-13T15:07:17.887254,0.0,45.8,0.4084892272949219,6274.20654296875,9004.708984375,0.0036,0.0001245,0.0014939999999999999
2026-01-13T15:12:18.903696,0.0,45.7,0.408416748046875,6274.20654296875,9006.173828125,0.0036,0.0001245,0.0014939999999999999
2026-01-13T15:17:19.920482,0.0,45.8,0.40863037109375,6274.20654296875,9006.916015625,0.0036,0.0001245,0.0014939999999999999
2026-01-13T15:22:20.936823,0.0,45.8,0.40859222412109375,6274.20654296875,9007.673828125,0.0036,0.0001245,0.0014939999999999999
2026-01-13T15:27:21.954020,0.0,44.6,0.39847564697265625,6274.20654296875,9008.353515625,0.0036,0.0001245,0.0014939999999999999
2026-01-13T15:32:22.970624,0.0,43.9,0.39200592041015625,6274.20654296875,9009.498046875,0.0036,0.0001245,0.0014939999999999999
2026-01-13T15:37:23.987353,0.0,43.9,0.3921852111816406,6274.20654296875,9010.212890625,0.0036,0.0001245,0.0014939999999999999
2026-01-13T15:42:25.004231,0.0,43.9,0.3921546936035156,6274.20654296875,9010.751953125,0.0036,0.0001245,0.0014939999999999999
2026-01-13T15:47:26.020786,0.0,43.9,0.39212799072265625,6274.20654296875,9011.294921875,0.0036,0.0001245,0.0014939999999999999
2026-01-13T15:52:27.037353,0.0,43.9,0.3920936584472656,6274.20654296875,9011.814453125,0.0036,0.0001245,0.0014939999999999999
2026-01-13T15:57:28.054084,0.5,44.0,0.3925514221191406,6274.20654296875,9012.314453125,0.003642,0.00012595249999999998,0.0015114299999999998
2026-01-13T16:02:29.070945,0.0,44.0,0.39252471923828125,6274.20654296875,9012.814453125,0.0036,0.0001245,0.0014939999999999999
2026-01-13T16:07:30.088430,0.0,44.0,0.39247894287109375,6274.20654296875,9013.509765625,0.0036,0.0001245,0.0014939999999999999
2026-01-13T16:12:31.105110,0.0,44.0,0.3924560546875,6274.20654296875,9014.037109375,0.0036,0.0001245,0.0014939999999999999
2026-01-13T16:17:32.121686,0.0,44.0,0.3924293518066406,6274.20654296875,9014.751953125,0.0036,0.0001245,0.0014939999999999999
2026-01-13T16:22:33.139786,0.0,44.0,0.3923912048339844,6274.20654296875,9015.314453125,0.0036,0.0001245,0.0014939999999999999
2026-01-13T16:27:34.157621,0.0,43.5,0.3887443542480469,6274.20654296875,9015.998046875,0.0036,0.0001245,0.0014939999999999999
2026-01-13T16:32:35.174714,0.0,43.8,0.3906364440917969,6274.20654296875,9016.732421875,0.0036,0.0001245,0.0014939999999999999
2026-01-13T16:37:36.191665,0.5,44.6,0.3978767395019531,6274.20654296875,9018.115234375,0.003642,0.00012595249999999998,0.0015114299999999998
2026-01-13T16:42:37.209163,0.0,44.8,0.4000129699707031,6274.20654296875,9018.869140625,0.0036,0.0001245,0.0014939999999999999
2026-01-13T16:47:38.226027,0.0,44.8,0.399993896484375,6274.20654296875,9019.423828125,0.0036,0.0001245,0.0014939999999999999
2026-01-13T16:52:39.244069,0.0,44.8,0.3999595642089844,6274.20654296875,9019.943359375,0.0036,0.0001245,0.0014939999999999999
2026-01-13T16:57:40.261417,0.0,44.8,0.3999366760253906,6274.20654296875,9020.435546875,0.0036,0.0001245,0.0014939999999999999
2026-01-13T17:02:41.278133,0.0,44.8,0.40036773681640625,6274.23779296875,9021.193359375,0.0036,0.0001245,0.0014939999999999999
2026-01-13T17:07:42.294794,0.0,45.0,0.4013252258300781,6274.23779296875,9021.654296875,0.0036,0.0001245,0.0014939999999999999
2026-01-13T17:12:43.311671,0.0,44.9,0.4012870788574219,6274.23779296875,9022.166015625,0.0036,0.0001245,0.0014939999999999999
2026-01-13T17:17:44.328251,0.0,44.9,0.40125274658203125,6274.23779296875,9022.943359375,0.0036,0.0001245,0.0014939999999999999
2026-01-13T17:22:45.345203,0.0,44.9,0.4012336730957031,6274.23779296875,9023.455078125,0.0036,0.0001245,0.0014939999999999999
2026-01-13T17:27:46.362014,0.0,45.3,0.4040565490722656,6274.23779296875,9024.740234375,0.0036,0.0001245,0.0014939999999999999
2026-01-13T17:32:47.379077,0.0,45.3,0.4042472839355469,6274.23779296875,9025.595703125,0.0036,0.0001245,0.0014939999999999999
2026-01-13T17:37:48.395705,0.0,45.3,0.40422821044921875,6274.23779296875,9026.087890625,0.0036,0.0001245,0.0014939999999999999
2026-01-13T17:42:49.412527,0.5,46.3,0.4134330749511719,6274.64013671875,9026.857421875,0.003642,0.00012595249999999998,0.0015114299999999998
2026-01-13T17:47:50.429220,0.0,46.3,0.4134063720703125,6274.64013671875,9027.392578125,0.0036,0.0001245,0.0014939999999999999
2026-01-13T17:52:51.446266,0.0,46.5,0.4150505065917969,6274.64013671875,9027.900390625,0.0036,0.0001245,0.0014939999999999999
2026-01-13T17:57:52.464029,0.0,46.5,0.4150238037109375,6274.64013671875,9028.572265625,0.0036,0.0001245,0.0014939999999999999
2026-01-13T18:02:53.482125,0.0,46.5,0.4150047302246094,6274.64013671875,9029.048828125,0.0036,0.0001245,0.0014939999999999999
2026-01-13T18:07:54.499017,0.0,46.5,0.41498565673828125,6274.64013671875,9029.552734375,0.0036,0.0001245,0.0014939999999999999
2026-01-13T18:12:55.516011,0.0,46.7,0.4168357849121094,6274.64013671875,9030.826171875,0.0036,0.0001245,0.0014939999999999999
2026-01-13T18:17:56.532894,0.0,46.1,0.4111747741699219,6274.64013671875,9031.818359375,0.0036,0.0001245,0.0014939999999999999
2026-01-13T18:22:57.549780,0.0,46.1,0.4111366271972656,6274.64013671875,9032.466796875,0.0036,0.0001245,0.0014939999999999999
2026-01-13T18:27:58.566863,0.0,46.0,0.4111137390136719,6274.64013671875,9032.990234375,0.0036,0.0001245,0.0014939999999999999
2026-01-13T18:32:59.583941,0.0,45.2,0.4038543701171875,6274.64013671875,9033.701171875,0.0036,0.0001245,0.0014939999999999999
2026-01-13T18:38:00.600795,0.0,45.2,0.4038352966308594,6274.64013671875,9034.173828125,0.0036,0.0001245,0.0014939999999999999
2026-01-13T18:43:01.625024,0.0,45.2,0.4038238525390625,6274.64013671875,9034.666015625,0.0036,0.0001245,0.0014939999999999999
2026-01-13T18:48:02.644578,0.0,45.3,0.40402984619140625,6274.64013671875,9035.400390625,0.0036,0.0001245,0.0014939999999999999
2026-01-13T18:53:03.662188,0.5,47.3,0.42189788818359375,6276.16748046875,9036.830078125,0.003642,0.00012595249999999998,0.0015114299999999998
2026-01-13T18:58:04.679247,0.0,43.5,0.38851165771484375,6276.16748046875,9038.177734375,0.0036,0.0001245,0.0014939999999999999
2026-01-13T19:03:05.697029,0.0,43.7,0.3904533386230469,6276.68310546875,9039.865234375,0.0036,0.0001245,0.0014939999999999999
2026-01-13T19:08:06.714182,0.0,43.6,0.38898468017578125,6276.68310546875,9041.251953125,0.0036,0.0001245,0.0014939999999999999
2026-01-13T19:13:07.731262,0.0,43.6,0.3890266418457031,6276.68310546875,9042.876953125,0.0036,0.0001245,0.0014939999999999999
2026-01-13T19:18:08.748196,0.0,43.7,0.39012908935546875,6276.68310546875,9044.705078125,0.0036,0.0001245,0.0014939999999999999
2026-01-13T19:23:09.765263,0.0,43.6,0.38895416259765625,6276.68310546875,9046.626953125,0.0036,0.0001245,0.0014939999999999999
2026-01-13T19:28:10.782250,0.0,43.5,0.3883514404296875,6276.68310546875,9048.451171875,0.0036,0.0001245,0.0014939999999999999
2026-01-13T19:33:11.799147,0.0,43.6,0.38932037353515625,6276.68310546875,9050.177734375,0.0036,0.0001245,0.0014939999999999999
2026-01-13T19:38:12.816364,0.0,43.6,0.38907623291015625,6276.68310546875,9052.044921875,0.0036,0.0001245,0.0014939999999999999
2026-01-13T19:43:13.834127,0.0,43.8,0.3906211853027344,6276.68310546875,9053.892578125,0.0036,0.0001245,0.0014939999999999999
2026-01-13T19:48:14.852246,0.0,43.6,0.3888435363769531,6276.69091796875,9055.861328125,0.0036,0.0001245,0.0014939999999999999
2026-01-13T19:53:15.870062,0.0,44.1,0.3937416076660156,6276.69091796875,9058.513671875,0.0036,0.0001245,0.0014939999999999999
2026-01-13T19:58:16.888493,0.0,43.8,0.3909492492675781,6276.69091796875,9060.509765625,0.0036,0.0001245,0.0014939999999999999
2026-01-13T20:03:17.905636,0.0,43.6,0.3890419006347656,6276.69091796875,9062.369140625,0.0036,0.0001245,0.0014939999999999999
2026-01-13T20:08:18.925394,0.0,44.5,0.3973808288574219,6276.69091796875,9063.787109375,0.0036,0.0001245,0.0014939999999999999
2026-01-13T20:13:19.942555,0.0,44.7,0.3990211486816406,6276.69091796875,9064.755859375,0.0036,0.0001245,0.0014939999999999999
2026-01-13T20:18:20.959855,0.0,44.7,0.39897918701171875,6276.69091796875,9065.583984375,0.0036,0.0001245,0.0014939999999999999
2026-01-13T20:23:21.977112,0.5,44.7,0.398956298828125,6276.69091796875,9066.095703125,0.003642,0.00012595249999999998,0.0015114299999999998
2026-01-13T20:28:22.995232,0.0,44.7,0.39893341064453125,6276.69091796875,9066.595703125,0.0036,0.0001245,0.0014939999999999999
2026-01-13T20:33:24.012944,0.0,44.7,0.3989105224609375,6276.69091796875,9067.126953125,0.0036,0.0001245,0.0014939999999999999
2026-01-13T20:38:25.031128,0.0,44.7,0.398895263671875,6276.69091796875,9067.619140625,0.0036,0.0001245,0.0014939999999999999
2026-01-13T20:43:26.049142,0.0,44.7,0.3988494873046875,6276.69091796875,9068.322265625,0.0036,0.0001245,0.0014939999999999999
2026-01-13T20:48:27.066277,0.0,44.7,0.3988189697265625,6276.69091796875,9068.904296875,0.0036,0.0001245,0.0014939999999999999
2026-01-13T20:53:28.084219,0.0,44.7,0.3987922668457031,6276.69091796875,9069.435546875,0.0036,0.0001245,0.0014939999999999999
2026-01-13T20:58:29.101410,0.0,44.7,0.39878082275390625,6276.69091796875,9069.927734375,0.0036,0.0001245,0.0014939999999999999
2026-01-13T21:03:30.119082,0.5,44.7,0.3987464904785156,6276.69091796875,9070.466796875,0.003642,0.00012595249999999998,0.0015114299999999998
2026-01-13T21:08:31.137587,0.5,44.7,0.39868927001953125,6276.69091796875,9071.224609375,0.003642,0.00012595249999999998,0.0015114299999999998
2026-01-13T21:13:32.154992,0.0,44.7,0.3986701965332031,6276.69091796875,9071.697265625,0.0036,0.0001245,0.0014939999999999999
2026-01-13T21:18:33.172429,0.0,44.7,0.3988838195800781,6276.69091796875,9072.455078125,0.0036,0.0001245,0.0014939999999999999
2026-01-13T21:23:34.189886,0.0,44.7,0.39884185791015625,6276.69091796875,9072.970703125,0.0036,0.0001245,0.0014939999999999999
2026-01-13T21:28:35.207332,0.0,44.7,0.39881134033203125,6276.69091796875,9073.490234375,0.0036,0.0001245,0.0014939999999999999
2026-01-13T21:33:36.225044,0.0,44.7,0.39878082275390625,6276.69091796875,9074.181640625,0.0036,0.0001245,0.0014939999999999999
2026-01-13T21:38:37.242696,0.0,44.7,0.3990058898925781,6276.69091796875,9074.701171875,0.0036,0.0001245,0.0014939999999999999
2026-01-13T21:43:38.260009,0.5,44.7,0.3989830017089844,6276.69091796875,9075.220703125,0.003642,0.00012595249999999998,0.0015114299999999998
2026-01-13T21:48:39.277180,0.0,44.7,0.398834228515625,6276.69091796875,9075.787109375,0.0036,0.0001245,0.0014939999999999999
2026-01-13T21:53:40.294413,0.0,44.8,0.3999824523925781,6276.69091796875,9076.478515625,0.0036,0.0001245,0.0014939999999999999
2026-01-13T21:58:41.312324,0.0,44.9,0.4011726379394531,6276.69091796875,9077.541015625,0.0036,0.0001245,0.0014939999999999999
2026-01-13T22:03:42.330011,0.0,45.0,0.4018440246582031,6276.69091796875,9078.498046875,0.0036,0.0001245,0.0014939999999999999
2026-01-13T22:08:43.347784,0.0,45.0,0.4018287658691406,6276.69091796875,9079.017578125,0.0036,0.0001245,0.0014939999999999999
2026-01-13T22:13:44.365402,0.5,45.4,0.4055976867675781,6276.69091796875,9080.072265625,0.003642,0.00012595249999999998,0.0015114299999999998
2026-01-13T22:18:45.383488,0.0,45.4,0.4055633544921875,6276.69091796875,9081.091796875,0.0036,0.0001245,0.0014939999999999999
2026-01-13T22:23:46.400683,0.0,45.4,0.4053764343261719,6276.84326171875,9081.962890625,0.0036,0.0001245,0.0014939999999999999
2026-01-13T22:28:47.418025,0.0,45.4,0.40533447265625,6276.84326171875,9082.662109375,0.0036,0.0001245,0.0014939999999999999
2026-01-13T22:33:48.435566,0.0,45.4,0.40531158447265625,6276.84326171875,9083.146484375,0.0036,0.0001245,0.0014939999999999999
2026-01-13T22:38:49.453129,0.0,45.4,0.4052925109863281,6276.84326171875,9083.646484375,0.0036,0.0001245,0.0014939999999999999
2026-01-13T22:43:50.470643,0.0,45.4,0.40526580810546875,6276.84326171875,9084.169921875,0.0036,0.0001245,0.0014939999999999999
2026-01-13T22:48:51.488123,0.0,45.4,0.405242919921875,6276.84326171875,9084.716796875,0.0036,0.0001245,0.0014939999999999999
2026-01-13T22:53:52.505802,0.0,45.6,0.4068946838378906,6276.84326171875,9085.220703125,0.0036,0.0001245,0.0014939999999999999
2026-01-13T22:58:53.523353,0.0,45.6,0.4068565368652344,6276.84326171875,9085.830078125,0.0036,0.0001245,0.0014939999999999999
2026-01-13T23:03:54.540899,0.0,45.6,0.40682220458984375,6276.84326171875,9086.369140625,0.0036,0.0001245,0.0014939999999999999
2026-01-13T23:08:55.558499,0.0,45.6,0.4070396423339844,6276.84326171875,9086.833984375,0.0036,0.0001245,0.0014939999999999999
2026-01-13T23:13:56.576150,0.0,45.7,0.407745361328125,6276.84326171875,9087.314453125,0.0036,0.0001245,0.0014939999999999999
2026-01-13T23:18:57.594015,0.0,45.5,0.4063301086425781,6276.84326171875,9088.173828125,0.0036,0.0001245,0.0014939999999999999
2026-01-13T23:23:58.611858,0.0,45.9,0.409637451171875,6276.84326171875,9089.416015625,0.0036,0.0001245,0.0014939999999999999
2026-01-13T23:28:59.629541,0.0,45.9,0.4095916748046875,6276.84326171875,9090.314453125,0.0036,0.0001245,0.0014939999999999999
2026-01-13T23:34:00.647261,0.0,45.9,0.4095573425292969,6276.84326171875,9090.818359375,0.0036,0.0001245,0.0014939999999999999
2026-01-13T23:39:01.670090,0.0,45.9,0.40953826904296875,6276.84326171875,9091.271484375,0.0036,0.0001245,0.0014939999999999999
2026-01-13T23:44:02.699733,0.0,45.4,0.4055595397949219,6276.84326171875,9091.810546875,0.0036,0.0001245,0.0014939999999999999
2026-01-13T23:49:03.717941,0.5,45.6,0.4072074890136719,6276.84326171875,9092.349609375,0.003642,0.00012595249999999998,0.0015114299999999998
2026-01-13T23:54:04.736317,0.0,45.7,0.40814971923828125,6276.84326171875,9092.845703125,0.0036,0.0001245,0.0014939999999999999
2026-01-13T23:59:05.754216,0.0,45.7,0.4084205627441406,6276.84326171875,9093.552734375,0.0036,0.0001245,0.0014939999999999999
2026-01-14T00:04:06.772003,0.0,45.9,0.41015625,6278.66748046875,9095.974609375,0.0036,0.0001245,0.0014939999999999999
2026-01-14T00:09:07.789709,0.0,46.2,0.4126625061035156,6280.08154296875,9100.599609375,0.0036,0.0001245,0.0014939999999999999
2026-01-14T00:14:08.807739,0.0,45.7,0.4075660705566406,6280.08154296875,9101.333984375,0.0036,0.0001245,0.0014939999999999999
2026-01-14T00:19:09.825578,0.0,45.8,0.40848541259765625,6280.08154296875,9102.119140625,0.0036,0.0001245,0.0014939999999999999
2026-01-14T00:24:10.843350,0.0,45.8,0.4091682434082031,6280.08154296875,9102.849609375,0.0036,0.0001245,0.0014939999999999999
2026-01-14T00:29:11.860980,0.0,45.6,0.4068794250488281,6280.08154296875,9104.044921875,0.0036,0.0001245,0.0014939999999999999
2026-01-14T00:34:12.878952,0.0,45.7,0.407562255859375,6280.08154296875,9104.736328125,0.0036,0.0001245,0.0014939999999999999
2026-01-14T00:39:13.897004,0.5,45.7,0.40826416015625,6280.08154296875,9105.193359375,0.003642,0.00012595249999999998,0.0015114299999999998
2026-01-14T00:44:14.914852,0.0,45.7,0.4082489013671875,6280.08154296875,9105.736328125,0.0036,0.0001245,0.0014939999999999999
2026-01-14T00:49:15.933577,0.0,43.6,0.3892059326171875,6280.08154296875,9107.306640625,0.0036,0.0001245,0.0014939999999999999
2026-01-14T00:54:16.952834,0.0,43.8,0.3913459777832031,6280.08154296875,9107.873046875,0.0036,0.0001245,0.0014939999999999999
2026-01-14T00:59:17.970922,0.0,43.8,0.391326904296875,6280.08154296875,9108.373046875,0.0036,0.0001245,0.0014939999999999999
2026-01-14T01:04:18.989351,0.0,43.8,0.3913002014160156,6280.08154296875,9108.884765625,0.0036,0.0001245,0.0014939999999999999
2026-01-14T01:09:20.007584,0.0,43.8,0.3912811279296875,6280.08154296875,9109.353515625,0.0036,0.0001245,0.0014939999999999999
2026-01-14T01:14:21.025627,0.0,43.9,0.3919792175292969,6280.08154296875,9109.873046875,0.0036,0.0001245,0.0014939999999999999
2026-01-14T01:19:22.045006,0.0,43.9,0.391937255859375,6280.08154296875,9110.798828125,0.0036,0.0001245,0.0014939999999999999
2026-01-14T01:24:23.062890,0.0,43.9,0.3919219970703125,6280.08154296875,9111.275390625,0.0036,0.0001245,0.0014939999999999999
2026-01-14T01:29:24.080880,0.0,43.9,0.3918876647949219,6280.08154296875,9111.806640625,0.0036,0.0001245,0.0014939999999999999
2026-01-14T01:34:25.098787,0.0,44.5,0.3970985412597656,6280.08154296875,9112.841796875,0.0036,0.0001245,0.0014939999999999999
2026-01-14T01:39:26.119091,0.0,44.0,0.39263916015625,6280.08154296875,9113.623046875,0.0036,0.0001245,0.0014939999999999999
2026-01-14T01:44:27.137049,0.0,44.0,0.392608642578125,6280.08154296875,9114.099609375,0.0036,0.0001245,0.0014939999999999999
2026-01-14T01:49:28.155394,0.5,44.0,0.39258575439453125,6280.08154296875,9114.826171875,0.003642,0.00012595249999999998,0.0015114299999999998
2026-01-14T01:54:29.173256,0.0,44.0,0.3925514221191406,6280.08154296875,9115.365234375,0.0036,0.0001245,0.0014939999999999999
2026-01-14T01:59:30.191573,0.0,44.0,0.39252471923828125,6280.08154296875,9115.833984375,0.0036,0.0001245,0.0014939999999999999
2026-01-14T02:04:31.210893,0.0,43.9,0.3923759460449219,6280.08154296875,9116.337890625,0.0036,0.0001245,0.0014939999999999999
2026-01-14T02:09:32.230947,0.0,44.0,0.3925971984863281,6280.08154296875,9116.779296875,0.0036,0.0001245,0.0014939999999999999
2026-01-14T02:14:33.248833,0.0,44.6,0.3982887268066406,6280.08154296875,9118.259765625,0.0036,0.0001245,0.0014939999999999999
2026-01-14T02:19:34.268027,0.0,44.7,0.3994560241699219,6280.08544921875,9119.349609375,0.0036,0.0001245,0.0014939999999999999
2026-01-14T02:24:35.286396,0.0,44.7,0.3994293212890625,6280.08544921875,9119.833984375,0.0036,0.0001245,0.0014939999999999999
2026-01-14T02:29:36.304587,0.0,44.7,0.3994255065917969,6280.08544921875,9120.330078125,0.0036,0.0001245,0.0014939999999999999
2026-01-14T02:34:37.323027,0.5,44.7,0.39940643310546875,6280.08544921875,9120.876953125,0.003642,0.00012595249999999998,0.0015114299999999998
2026-01-14T02:39:38.341033,0.0,44.7,0.3993949890136719,6280.08544921875,9121.337890625,0.0036,0.0001245,0.0014939999999999999
2026-01-14T02:44:39.359740,0.0,44.7,0.399383544921875,6280.08544921875,9122.037109375,0.0036,0.0001245,0.0014939999999999999
2026-01-14T02:49:40.377772,0.0,44.7,0.3993721008300781,6280.08544921875,9122.583984375,0.0036,0.0001245,0.0014939999999999999
2026-01-14T02:54:41.396002,0.0,44.7,0.3993263244628906,6280.08544921875,9123.408203125,0.0036,0.0001245,0.0014939999999999999
2026-01-14T02:59:42.414437,0.0,44.7,0.39929962158203125,6280.08544921875,9123.884765625,0.0036,0.0001245,0.0014939999999999999
2026-01-14T03:04:43.432752,0.0,44.7,0.3992881774902344,6280.08544921875,9124.365234375,0.0036,0.0001245,0.0014939999999999999
2026-01-14T03:09:44.451010,0.0,44.7,0.3992576599121094,6280.08544921875,9125.099609375,0.0036,0.0001245,0.0014939999999999999
2026-01-14T03:14:45.469668,0.0,44.7,0.3992500305175781,6280.08544921875,9125.759765625,0.0036,0.0001245,0.0014939999999999999
2026-01-14T03:19:46.488039,0.0,44.7,0.3992271423339844,6280.08544921875,9126.533203125,0.0036,0.0001245,0.0014939999999999999
2026-01-14T03:24:47.506261,0.0,44.7,0.39922332763671875,6280.08544921875,9127.005859375,0.0036,0.0001245,0.0014939999999999999
2026-01-14T03:29:48.525017,0.0,44.7,0.3992118835449219,6280.08544921875,9127.521484375,0.0036,0.0001245,0.0014939999999999999
2026-01-14T03:34:49.543373,0.0,44.7,0.3991851806640625,6280.08544921875,9128.052734375,0.0036,0.0001245,0.0014939999999999999
2026-01-14T03:39:50.562440,0.0,45.8,0.4089927673339844,6280.20654296875,9129.119140625,0.0036,0.0001245,0.0014939999999999999
2026-01-14T03:44:51.580506,0.0,46.0,0.41065216064453125,6280.20654296875,9129.677734375,0.0036,0.0001245,0.0014939999999999999
2026-01-14T03:49:52.598650,0.0,46.0,0.4106330871582031,6280.20654296875,9130.240234375,0.0036,0.0001245,0.0014939999999999999
2026-01-14T03:54:53.617008,0.0,46.7,0.4168243408203125,6280.20654296875,9131.228515625,0.0036,0.0001245,0.0014939999999999999
2026-01-14T03:59:54.635273,0.0,45.8,0.4091300964355469,6280.20654296875,9131.876953125,0.0036,0.0001245,0.0014939999999999999
2026-01-14T04:04:55.653524,0.5,45.8,0.4093208312988281,6280.20654296875,9132.607421875,0.003642,0.00012595249999999998,0.0015114299999999998
2026-01-14T04:09:56.671761,0.0,45.8,0.40930938720703125,6280.20654296875,9133.072265625,0.0036,0.0001245,0.0014939999999999999
2026-01-14T04:14:57.690442,0.0,45.8,0.4093055725097656,6280.20654296875,9133.587890625,0.0036,0.0001245,0.0014939999999999999
2026-01-14T04:19:58.709313,0.0,45.8,0.4092750549316406,6280.20654296875,9134.361328125,0.0036,0.0001245,0.0014939999999999999
2026-01-14T04:24:59.727727,0.0,45.9,0.40993499755859375,6280.20654296875,9135.615234375,0.0036,0.0001245,0.0014939999999999999
2026-01-14T04:30:00.746222,0.0,46.0,0.4108467102050781,6280.20654296875,9136.435546875,0.0036,0.0001245,0.0014939999999999999
2026-01-14T04:35:01.817694,0.0,46.0,0.41082000732421875,6280.20654296875,9137.189453125,0.0036,0.0001245,0.0014939999999999999
2026-01-14T04:40:02.836428,0.0,46.0,0.4107933044433594,6280.20654296875,9137.685546875,0.0036,0.0001245,0.0014939999999999999
2026-01-14T04:45:03.855934,0.0,46.0,0.41075897216796875,6280.20654296875,9138.224609375,0.0036,0.0001245,0.0014939999999999999
2026-01-14T04:50:04.874904,0.0,46.0,0.41074371337890625,6280.20654296875,9138.748046875,0.0036,0.0001245,0.0014939999999999999
2026-01-14T04:55:05.893358,0.0,46.0,0.41071319580078125,6280.20654296875,9139.259765625,0.0036,0.0001245,0.0014939999999999999
2026-01-14T05:00:06.911662,0.0,46.0,0.4106903076171875,6280.20654296875,9139.939453125,0.0036,0.0001245,0.0014939999999999999
2026-01-14T05:05:07.930240,0.0,46.0,0.410675048828125,6280.20654296875,9140.521484375,0.0036,0.0001245,0.0014939999999999999
2026-01-14T05:10:08.948576,0.0,46.0,0.4106559753417969,6280.20654296875,9141.001953125,0.0036,0.0001245,0.0014939999999999999
2026-01-14T05:15:09.967276,0.0,46.0,0.4106330871582031,6280.20654296875,9141.486328125,0.0036,0.0001245,0.0014939999999999999
2026-01-14T05:20:10.986065,0.0,46.0,0.4106101989746094,6280.20654296875,9142.255859375,0.0036,0.0001245,0.0014939999999999999
2026-01-14T05:25:12.004943,0.0,46.0,0.4105682373046875,6280.20654296875,9143.150390625,0.0036,0.0001245,0.0014939999999999999
2026-01-14T05:30:13.023297,0.0,46.0,0.4105262756347656,6280.20654296875,9144.150390625,0.0036,0.0001245,0.0014939999999999999
2026-01-14T05:35:14.042632,1.0,46.0,0.41074371337890625,6280.20654296875,9144.908203125,0.003684,0.00012740499999999998,0.00152886
2026-01-14T05:40:15.061779,0.0,46.0,0.41072845458984375,6280.20654296875,9145.365234375,0.0036,0.0001245,0.0014939999999999999
2026-01-14T05:45:16.080833,0.0,50.3,0.4492340087890625,6535.80810546875,9464.998046875,0.0036,0.0001245,0.0014939999999999999
2026-01-14T05:50:17.099772,0.0,50.0,0.4462165832519531,6535.92919921875,9465.767578125,0.0036,0.0001245,0.0014939999999999999
2026-01-14T05:55:18.118407,0.0,49.9,0.4453468322753906,6536.02294921875,9466.498046875,0.0036,0.0001245,0.0014939999999999999
2026-01-14T06:00:19.137007,0.0,49.9,0.4453315734863281,6536.02294921875,9466.951171875,0.0036,0.0001245,0.0014939999999999999
2026-01-14T06:05:20.155501,0.0,49.9,0.4450721740722656,6536.02294921875,9467.474609375,0.0036,0.0001245,0.0014939999999999999
2026-01-14T06:10:21.174098,1.0,49.8,0.4450492858886719,6536.02294921875,9467.962890625,0.003684,0.00012740499999999998,0.00152886
2026-01-14T06:15:22.192554,0.0,49.8,0.4450263977050781,6536.02294921875,9468.689453125,0.0036,0.0001245,0.0014939999999999999
2026-01-14T06:20:23.211083,0.0,49.8,0.4449920654296875,6536.02294921875,9469.302734375,0.0036,0.0001245,0.0014939999999999999
2026-01-14T06:25:24.230485,0.0,49.9,0.4453392028808594,6536.12060546875,9469.892578125,0.0036,0.0001245,0.0014939999999999999
2026-01-14T06:30:25.248944,0.0,48.1,0.429473876953125,6551.60888671875,9471.197265625,0.0036,0.0001245,0.0014939999999999999
2026-01-14T06:35:26.267554,0.0,48.1,0.4294548034667969,6551.60888671875,9472.193359375,0.0036,0.0001245,0.0014939999999999999
2026-01-14T06:40:27.286335,0.0,48.1,0.42942047119140625,6551.60888671875,9472.435546875,0.0036,0.0001245,0.0014939999999999999
2026-01-14T06:45:28.305165,0.0,48.1,0.42940521240234375,6551.60888671875,9473.197265625,0.0036,0.0001245,0.0014939999999999999
2026-01-14T06:50:29.323750,0.0,48.1,0.42934417724609375,6551.60888671875,9473.791015625,0.0036,0.0001245,0.0014939999999999999
2026-01-14T06:55:30.342923,0.0,48.1,0.4293251037597656,6551.60888671875,9474.322265625,0.0036,0.0001245,0.0014939999999999999
2026-01-14T07:00:31.361682,0.0,49.8,0.4444389343261719,6580.64794921875,9543.126953125,0.0036,0.0001245,0.0014939999999999999
2026-01-14T07:05:32.380615,0.0,49.3,0.44007110595703125,6580.64794921875,9544.138671875,0.0036,0.0001245,0.0014939999999999999
2026-01-14T07:10:33.399794,0.0,49.2,0.43895721435546875,6580.64794921875,9544.376953125,0.0036,0.0001245,0.0014939999999999999
2026-01-14T07:15:34.419772,0.0,48.2,0.43018341064453125,6588.49951171875,9545.814453125,0.0036,0.0001245,0.0014939999999999999
2026-01-14T07:20:35.438467,0.0,47.8,0.4270172119140625,6588.49951171875,9546.474609375,0.0036,0.0001245,0.0014939999999999999
2026-01-14T07:25:36.457316,0.0,47.8,0.4269828796386719,6588.49951171875,9547.341796875,0.0036,0.0001245,0.0014939999999999999
2026-01-14T07:30:37.476045,0.0,47.8,0.426971435546875,6588.49951171875,9547.580078125,0.0036,0.0001245,0.0014939999999999999
2026-01-14T07:35:38.494983,0.0,47.8,0.4269447326660156,6588.49951171875,9548.326171875,0.0036,0.0001245,0.0014939999999999999
2026-01-14T07:40:39.514400,0.0,47.8,0.426910400390625,6588.49951171875,9548.568359375,0.0036,0.0001245,0.0014939999999999999
2026-01-14T07:45:40.533237,0.0,47.8,0.42688751220703125,6588.49951171875,9549.462890625,0.0036,0.0001245,0.0014939999999999999
2026-01-14T07:50:41.552021,0.0,46.9,0.41915130615234375,6588.49951171875,9549.986328125,0.0036,0.0001245,0.0014939999999999999
2026-01-14T07:55:42.570934,0.5,47.0,0.4193458557128906,6588.49951171875,9550.798828125,0.003642,0.00012595249999999998,0.0015114299999999998
2026-01-14T08:00:43.590055,0.0,47.0,0.41931915283203125,6588.49951171875,9551.298828125,0.0036,0.0001245,0.0014939999999999999
2026-01-14T08:05:44.609025,0.0,47.0,0.4195404052734375,6588.49951171875,9551.830078125,0.0036,0.0001245,0.0014939999999999999
2026-01-14T08:10:45.628387,0.0,47.0,0.4195060729980469,6588.49951171875,9552.267578125,0.0036,0.0001245,0.0014939999999999999
2026-01-14T08:15:46.647297,0.0,47.0,0.4194755554199219,6588.49951171875,9553.048828125,0.0036,0.0001245,0.0014939999999999999
2026-01-14T08:20:47.666211,0.0,47.0,0.4194183349609375,6588.49951171875,9553.845703125,0.0036,0.0001245,0.0014939999999999999
2026-01-14T08:25:48.685014,0.0,47.0,0.4195747375488281,6588.49951171875,9554.361328125,0.0036,0.0001245,0.0014939999999999999
2026-01-14T08:30:49.704210,0.0,47.0,0.4195594787597656,6588.49951171875,9554.583984375,0.0036,0.0001245,0.0014939999999999999
2026-01-14T08:35:50.723444,0.0,47.0,0.4195442199707031,6588.49951171875,9555.455078125,0.0036,0.0001245,0.0014939999999999999
2026-01-14T08:40:51.742501,0.0,47.0,0.4196815490722656,6588.49951171875,9556.697265625,0.0036,0.0001245,0.0014939999999999999
2026-01-14T08:45:52.761402,0.0,47.0,0.4196434020996094,6588.49951171875,9557.501953125,0.0036,0.0001245,0.0014939999999999999
2026-01-14T08:50:53.781110,0.0,47.0,0.4196052551269531,6588.49951171875,9558.119140625,0.0036,0.0001245,0.0014939999999999999
2026-01-14T08:55:54.800267,0.0,47.0,0.4195976257324219,6588.49951171875,9558.611328125,0.0036,0.0001245,0.0014939999999999999
2026-01-14T09:00:55.820159,0.0,47.0,0.4195556640625,6588.49951171875,9559.107421875,0.0036,0.0001245,0.0014939999999999999
2026-01-14T09:05:56.839057,0.0,45.8,0.4085273742675781,6588.49951171875,9559.947265625,0.0036,0.0001245,0.0014939999999999999
2026-01-14T09:10:57.858945,0.0,45.0,0.4016761779785156,6588.49951171875,9560.654296875,0.0036,0.0001245,0.0014939999999999999
2026-01-14T09:15:58.878142,0.0,45.1,0.4030914306640625,6588.49951171875,9561.212890625,0.0036,0.0001245,0.0014939999999999999
2026-01-14T09:20:59.897212,0.0,45.3,0.4039955139160156,6588.49951171875,9562.025390625,0.0036,0.0001245,0.0014939999999999999
2026-01-14T09:26:00.916213,0.0,45.2,0.40398406982421875,6588.49951171875,9562.501953125,0.0036,0.0001245,0.0014939999999999999
2026-01-14T09:31:01.943296,0.0,45.3,0.40419769287109375,6588.49951171875,9563.025390625,0.0036,0.0001245,0.0014939999999999999
2026-01-14T09:36:02.962611,0.5,45.3,0.40416717529296875,6588.49951171875,9563.748046875,0.003642,0.00012595249999999998,0.0015114299999999998
2026-01-14T09:41:03.982128,0.0,45.3,0.4040031433105469,6588.49951171875,9564.248046875,0.0036,0.0001245,0.0014939999999999999
2026-01-14T09:46:05.001315,0.0,45.7,0.40776824951171875,6588.49951171875,9565.537109375,0.0036,0.0001245,0.0014939999999999999
2026-01-14T09:51:06.020595,0.0,45.7,0.4077110290527344,6588.49951171875,9566.396484375,0.0036,0.0001245,0.0014939999999999999
2026-01-14T09:56:07.040060,0.0,45.7,0.4076805114746094,6588.49951171875,9566.955078125,0.0036,0.0001245,0.0014939999999999999
2026-01-14T10:01:08.066581,0.0,45.7,0.40765380859375,6588.49951171875,9567.462890625,0.0036,0.0001245,0.0014939999999999999
2026-01-14T10:06:09.086009,0.0,45.7,0.40761566162109375,6588.49951171875,9568.189453125,0.0036,0.0001245,0.0014939999999999999
2026-01-14T10:11:10.106400,0.0,45.7,0.4075889587402344,6588.49951171875,9568.693359375,0.0036,0.0001245,0.0014939999999999999
2026-01-14T10:16:11.126024,0.0,45.7,0.4075660705566406,6588.49951171875,9569.193359375,0.0036,0.0001245,0.0014939999999999999
2026-01-14T10:21:12.145061,0.0,45.6,0.40753173828125,6588.49951171875,9569.951171875,0.0036,0.0001245,0.0014939999999999999
2026-01-14T10:26:13.164140,0.0,45.6,0.407501220703125,6588.49951171875,9570.548828125,0.0036,0.0001245,0.0014939999999999999
2026-01-14T10:31:14.184833,0.0,45.6,0.4074516296386719,6588.49951171875,9571.302734375,0.0036,0.0001245,0.0014939999999999999
2026-01-14T10:36:15.209734,0.0,45.6,0.4074363708496094,6588.49951171875,9571.810546875,0.0036,0.0001245,0.0014939999999999999
2026-01-14T10:41:16.228979,0.0,45.6,0.4073944091796875,6588.49951171875,9572.298828125,0.0036,0.0001245,0.0014939999999999999
2026-01-14T10:46:17.248327,0.0,47.5,0.42450714111328125,6592.17919921875,9588.677734375,0.0036,0.0001245,0.0014939999999999999
2026-01-14T10:51:18.267691,0.0,47.6,0.4247016906738281,6592.17919921875,9589.474609375,0.0036,0.0001245,0.0014939999999999999
2026-01-14T10:56:19.287624,0.0,47.6,0.4246635437011719,6592.17919921875,9590.236328125,0.0036,0.0001245,0.0014939999999999999
2026-01-14T11:01:20.306895,0.0,47.6,0.42462921142578125,6592.17919921875,9590.775390625,0.0036,0.0001245,0.0014939999999999999
2026-01-14T11:06:21.326396,0.0,47.6,0.4246063232421875,6592.17919921875,9591.322265625,0.0036,0.0001245,0.0014939999999999999
2026-01-14T11:11:22.345904,0.0,47.5,0.4245147705078125,6592.17919921875,9592.431640625,0.0036,0.0001245,0.0014939999999999999
2026-01-14T11:16:23.365229,0.0,47.5,0.4244728088378906,6592.17919921875,9593.435546875,0.0036,0.0001245,0.0014939999999999999
2026-01-14T11:21:24.384627,0.0,47.5,0.4244270324707031,6592.17919921875,9594.466796875,0.0036,0.0001245,0.0014939999999999999
2026-01-14T11:26:25.404106,0.0,47.6,0.4246177673339844,6592.17919921875,9595.208984375,0.0036,0.0001245,0.0014939999999999999
2026-01-14T11:31:26.423668,0.0,47.6,0.4245796203613281,6592.17919921875,9595.759765625,0.0036,0.0001245,0.0014939999999999999
2026-01-14T11:36:27.444777,0.0,47.6,0.4245491027832031,6592.17919921875,9596.251953125,0.0036,0.0001245,0.0014939999999999999
2026-01-14T11:41:28.464619,0.0,47.6,0.42452239990234375,6592.17919921875,9596.787109375,0.0036,0.0001245,0.0014939999999999999
2026-01-14T11:46:29.484066,0.0,47.5,0.42449188232421875,6592.17919921875,9597.287109375,0.0036,0.0001245,0.0014939999999999999
2026-01-14T11:51:30.503215,0.0,47.5,0.4244575500488281,6592.17919921875,9597.998046875,0.0036,0.0001245,0.0014939999999999999
2026-01-14T11:56:31.522893,1.5,44.0,0.39250946044921875,6592.17919921875,9609.486328125,0.003726,0.0001288575,0.00154629
2026-01-14T12:01:32.542324,0.0,43.9,0.3923187255859375,6592.18310546875,9613.744140625,0.0036,0.0001245,0.0014939999999999999
2026-01-14T12:06:33.561996,0.0,43.9,0.3922843933105469,6592.18310546875,9614.232421875,0.0036,0.0001245,0.0014939999999999999
2026-01-14T12:11:34.582171,0.0,44.0,0.39322662353515625,6592.18310546875,9614.732421875,0.0036,0.0001245,0.0014939999999999999
2026-01-14T12:16:35.601993,0.0,44.8,0.3998680114746094,6592.18310546875,9615.654296875,0.0036,0.0001245,0.0014939999999999999
2026-01-14T12:21:36.622563,0.0,44.1,0.3940582275390625,6592.18310546875,9617.025390625,0.0036,0.0001245,0.0014939999999999999
2026-01-14T12:26:37.642175,0.0,44.1,0.39403533935546875,6592.18310546875,9617.748046875,0.0036,0.0001245,0.0014939999999999999
2026-01-14T12:31:38.661537,0.0,44.1,0.3939971923828125,6592.18310546875,9618.298828125,0.0036,0.0001245,0.0014939999999999999
2026-01-14T12:36:39.681222,0.0,44.2,0.39421844482421875,6592.18310546875,9618.802734375,0.0036,0.0001245,0.0014939999999999999
2026-01-14T12:41:40.700714,0.0,44.2,0.39490509033203125,6592.18310546875,9619.302734375,0.0036,0.0001245,0.0014939999999999999
2026-01-14T12:46:41.720268,0.0,44.2,0.39488983154296875,6592.18310546875,9620.009765625,0.0036,0.0001245,0.0014939999999999999
2026-01-14T12:51:42.739856,0.0,44.2,0.39484405517578125,6592.18310546875,9620.611328125,0.0036,0.0001245,0.0014939999999999999
2026-01-14T12:56:43.759871,0.0,44.2,0.39479827880859375,6592.18310546875,9621.154296875,0.0036,0.0001245,0.0014939999999999999
2026-01-14T13:01:44.779478,0.0,44.2,0.3950157165527344,6592.18310546875,9621.677734375,0.0036,0.0001245,0.0014939999999999999
2026-01-14T13:06:45.799222,0.5,45.9,0.41007232666015625,6598.30029296875,9622.216796875,0.003642,0.00012595249999999998,0.0015114299999999998
2026-01-14T13:11:46.819035,0.0,43.8,0.3911552429199219,6598.30029296875,9624.380859375,0.0036,0.0001245,0.0014939999999999999
2026-01-14T13:16:47.839404,0.0,43.7,0.39051055908203125,6598.30029296875,9626.212890625,0.0036,0.0001245,0.0014939999999999999
2026-01-14T13:21:48.859466,0.5,43.9,0.3916740417480469,6598.30029296875,9627.041015625,0.003642,0.00012595249999999998,0.0015114299999999998
2026-01-14T13:26:49.879331,0.0,43.9,0.3916473388671875,6598.30029296875,9627.615234375,0.0036,0.0001245,0.0014939999999999999
2026-01-14T13:31:50.899156,0.0,43.9,0.3918495178222656,6598.30029296875,9628.173828125,0.0036,0.0001245,0.0014939999999999999
2026-01-14T13:36:51.919052,0.0,43.9,0.3922615051269531,6598.30029296875,9628.982421875,0.0036,0.0001245,0.0014939999999999999
2026-01-14T13:41:52.938892,0.0,44.0,0.39295196533203125,6598.30029296875,9629.623046875,0.0036,0.0001245,0.0014939999999999999
2026-01-14T13:46:53.959412,0.0,44.0,0.3929290771484375,6598.30029296875,9630.103515625,0.0036,0.0001245,0.0014939999999999999
2026-01-14T13:51:54.979285,0.0,44.6,0.39836883544921875,6598.30029296875,9631.443359375,0.0036,0.0001245,0.0014939999999999999
2026-01-14T13:56:55.999390,0.0,44.6,0.3983192443847656,6598.30029296875,9632.318359375,0.0036,0.0001245,0.0014939999999999999
2026-01-14T14:01:57.020183,0.0,44.6,0.3982810974121094,6598.30029296875,9632.845703125,0.0036,0.0001245,0.0014939999999999999
2026-01-14T14:06:58.039868,0.5,44.6,0.3982582092285156,6598.30029296875,9633.353515625,0.003642,0.00012595249999999998,0.0015114299999999998
2026-01-14T14:11:59.060005,0.0,44.6,0.3982048034667969,6598.30029296875,9634.142578125,0.0036,0.0001245,0.0014939999999999999
2026-01-14T14:17:00.102205,0.0,44.6,0.39818572998046875,6598.30029296875,9634.658203125,0.0036,0.0001245,0.0014939999999999999
2026-01-14T14:22:01.123799,0.0,44.6,0.3981475830078125,6598.30029296875,9635.455078125,0.0036,0.0001245,0.0014939999999999999
2026-01-14T14:27:02.144682,0.0,44.6,0.3983573913574219,6598.30029296875,9635.990234375,0.0036,0.0001245,0.0014939999999999999
2026-01-14T14:32:03.168880,0.5,44.6,0.39832305908203125,6598.30029296875,9636.556640625,0.003642,0.00012595249999999998,0.0015114299999999998
2026-01-14T14:37:04.196117,0.0,44.2,0.394622802734375,6598.30029296875,9637.466796875,0.0036,0.0001245,0.0014939999999999999
2026-01-14T14:42:05.216258,0.5,44.2,0.3945960998535156,6598.30029296875,9638.013671875,0.003642,0.00012595249999999998,0.0015114299999999998
2026-01-14T14:47:06.236663,0.0,44.2,0.3945808410644531,6598.30029296875,9638.501953125,0.0036,0.0001245,0.0014939999999999999
2026-01-14T14:52:07.256450,0.0,44.2,0.39453125,6598.30029296875,9639.126953125,0.0036,0.0001245,0.0014939999999999999
2026-01-14T14:57:08.276674,0.0,44.2,0.3945159912109375,6598.30029296875,9639.619140625,0.0036,0.0001245,0.0014939999999999999
2026-01-14T15:02:09.296566,0.0,44.7,0.3987464904785156,6598.30029296875,9640.845703125,0.0036,0.0001245,0.0014939999999999999
2026-01-14T15:07:10.316537,0.0,44.7,0.398956298828125,6598.30029296875,9641.576171875,0.0036,0.0001245,0.0014939999999999999
2026-01-14T15:12:11.336659,0.0,44.9,0.4008369445800781,6598.30029296875,9642.177734375,0.0036,0.0001245,0.0014939999999999999
2026-01-14T15:17:12.357072,0.0,43.9,0.3918266296386719,6598.30029296875,9646.208984375,0.0036,0.0001245,0.0014939999999999999
2026-01-14T15:22:13.377231,0.0,43.9,0.39203643798828125,6598.30029296875,9647.017578125,0.0036,0.0001245,0.0014939999999999999
2026-01-14T15:27:14.397350,0.0,44.0,0.3927116394042969,6598.30029296875,9647.716796875,0.0036,0.0001245,0.0014939999999999999
2026-01-14T15:32:15.418137,0.0,43.8,0.39105224609375,6598.30029296875,9648.439453125,0.0036,0.0001245,0.0014939999999999999
2026-01-14T15:37:16.438795,0.0,43.8,0.3912315368652344,6598.30029296875,9649.150390625,0.0036,0.0001245,0.0014939999999999999
2026-01-14T15:42:17.459014,0.0,43.9,0.39192962646484375,6598.30029296875,9649.685546875,0.0036,0.0001245,0.0014939999999999999
2026-01-14T15:47:18.480664,0.0,43.9,0.3918914794921875,6598.30029296875,9650.185546875,0.0036,0.0001245,0.0014939999999999999
2026-01-14T15:52:19.500698,0.0,44.0,0.392578125,6598.30029296875,9650.802734375,0.0036,0.0001245,0.0014939999999999999
2026-01-14T15:57:20.520878,0.0,44.0,0.39302825927734375,6598.30029296875,9651.427734375,0.0036,0.0001245,0.0014939999999999999
2026-01-14T16:02:21.540952,0.0,44.0,0.3929786682128906,6598.30029296875,9651.998046875,0.0036,0.0001245,0.0014939999999999999
2026-01-14T16:07:22.561074,0.0,44.0,0.3929557800292969,6598.30029296875,9652.501953125,0.0036,0.0001245,0.0014939999999999999
2026-01-14T16:12:23.584807,0.0,44.0,0.3931732177734375,6598.30029296875,9653.048828125,0.0036,0.0001245,0.0014939999999999999
2026-01-14T16:17:24.604535,0.0,44.0,0.3931312561035156,6598.30029296875,9653.599609375,0.0036,0.0001245,0.0014939999999999999
2026-01-14T16:22:25.624587,0.0,44.1,0.3938331604003906,6598.30029296875,9654.353515625,0.0036,0.0001245,0.0014939999999999999
2026-01-14T16:27:26.644622,0.0,44.1,0.39379119873046875,6598.30029296875,9655.087890625,0.0036,0.0001245,0.0014939999999999999
2026-01-14T16:32:27.664884,0.0,44.1,0.3937416076660156,6598.30029296875,9655.662109375,0.0036,0.0001245,0.0014939999999999999
2026-01-14T16:37:28.684685,0.0,44.1,0.3937187194824219,6598.30029296875,9656.158203125,0.0036,0.0001245,0.0014939999999999999
2026-01-14T16:42:29.704760,0.0,44.7,0.3986968994140625,6598.30029296875,9657.212890625,0.0036,0.0001245,0.0014939999999999999
2026-01-14T16:47:30.724950,0.0,44.7,0.39937591552734375,6598.30029296875,9658.021484375,0.0036,0.0001245,0.0014939999999999999
2026-01-14T16:52:31.745003,0.0,44.9,0.4012298583984375,6598.30029296875,9658.904296875,0.0036,0.0001245,0.0014939999999999999
2026-01-14T16:57:32.764864,0.0,44.9,0.40120697021484375,6598.30029296875,9659.408203125,0.0036,0.0001245,0.0014939999999999999
2026-01-14T17:02:33.785156,0.0,44.9,0.40117645263671875,6598.30029296875,9659.943359375,0.0036,0.0001245,0.0014939999999999999
2026-01-14T17:07:34.806057,0.0,45.0,0.401397705078125,6598.30029296875,9660.427734375,0.0036,0.0001245,0.0014939999999999999
2026-01-14T17:12:35.826718,0.0,45.2,0.403961181640625,6598.30029296875,9661.689453125,0.0036,0.0001245,0.0014939999999999999
2026-01-14T17:17:36.847058,0.0,45.4,0.40534210205078125,6598.30029296875,9662.755859375,0.0036,0.0001245,0.0014939999999999999
2026-01-14T17:22:37.867196,0.0,45.4,0.4053077697753906,6598.30029296875,9663.435546875,0.0036,0.0001245,0.0014939999999999999
2026-01-14T17:27:38.887610,0.0,45.4,0.4052734375,6598.30029296875,9663.986328125,0.0036,0.0001245,0.0014939999999999999
2026-01-14T17:32:39.908057,0.0,45.4,0.4052314758300781,6598.30029296875,9664.556640625,0.0036,0.0001245,0.0014939999999999999
2026-01-14T17:37:40.928560,0.0,45.4,0.4052085876464844,6598.30029296875,9665.044921875,0.0036,0.0001245,0.0014939999999999999
2026-01-14T17:42:41.948879,0.5,45.4,0.40518951416015625,6598.30029296875,9665.556640625,0.003642,0.00012595249999999998,0.0015114299999999998
2026-01-14T17:47:42.969208,0.5,45.4,0.4051780700683594,6598.30029296875,9666.056640625,0.003642,0.00012595249999999998,0.0015114299999999998
2026-01-14T17:52:43.990255,0.0,45.4,0.4051094055175781,6598.30029296875,9666.927734375,0.0036,0.0001245,0.0014939999999999999
2026-01-14T17:57:45.016395,0.0,46.5,0.41532135009765625,6598.31591796875,9668.080078125,0.0036,0.0001245,0.0014939999999999999
2026-01-14T18:02:46.036536,0.0,46.5,0.41552734375,6598.31591796875,9668.603515625,0.0036,0.0001245,0.0014939999999999999
2026-01-14T18:07:47.056986,0.0,46.6,0.4157447814941406,6598.31591796875,9669.107421875,0.0036,0.0001245,0.0014939999999999999
2026-01-14T18:12:48.077225,0.0,46.6,0.4164237976074219,6598.31591796875,9669.669921875,0.0036,0.0001245,0.0014939999999999999
2026-01-14T18:17:49.097585,0.0,46.6,0.4163818359375,6598.31591796875,9670.548828125,0.0036,0.0001245,0.0014939999999999999
2026-01-14T18:22:50.118249,0.5,47.1,0.4203300476074219,6598.31591796875,9671.822265625,0.003642,0.00012595249999999998,0.0015114299999999998
2026-01-14T18:27:51.138595,0.0,47.1,0.4202919006347656,6598.31591796875,9672.673828125,0.0036,0.0001245,0.0014939999999999999
2026-01-14T18:32:52.158920,0.0,47.1,0.420501708984375,6598.31591796875,9673.244140625,0.0036,0.0001245,0.0014939999999999999
2026-01-14T18:37:53.179478,0.0,47.1,0.42046356201171875,6598.31591796875,9673.751953125,0.0036,0.0001245,0.0014939999999999999
2026-01-14T18:42:54.200022,0.0,47.1,0.42044830322265625,6598.31591796875,9674.275390625,0.0036,0.0001245,0.0014939999999999999
2026-01-14T18:47:55.220525,0.0,47.1,0.42040252685546875,6598.31591796875,9675.169921875,0.0036,0.0001245,0.0014939999999999999
2026-01-14T18:52:56.240900,0.0,48.1,0.4290008544921875,6599.06591796875,9676.201171875,0.0036,0.0001245,0.0014939999999999999
2026-01-14T18:57:57.261991,0.0,48.0,0.42897796630859375,6599.06591796875,9676.708984375,0.0036,0.0001245,0.0014939999999999999
2026-01-14T19:02:58.282427,0.0,48.0,0.4289436340332031,6599.80419921875,9677.478515625,0.0036,0.0001245,0.0014939999999999999
2026-01-14T19:07:59.303062,0.0,48.0,0.4289207458496094,6599.80419921875,9678.009765625,0.0036,0.0001245,0.0014939999999999999
2026-01-14T19:13:00.325596,0.0,48.0,0.4287452697753906,6599.92529296875,9678.865234375,0.0036,0.0001245,0.0014939999999999999
2026-01-14T19:18:01.351578,0.5,48.0,0.4287071228027344,6599.92529296875,9679.689453125,0.003642,0.00012595249999999998,0.0015114299999999998
2026-01-14T19:23:02.373003,0.0,48.0,0.4286842346191406,6599.92529296875,9680.232421875,0.0036,0.0001245,0.0014939999999999999
2026-01-14T19:28:03.398282,0.0,48.0,0.4286537170410156,6599.92529296875,9680.794921875,0.0036,0.0001245,0.0014939999999999999
2026-01-14T19:33:04.419173,0.0,48.0,0.42861175537109375,6599.92529296875,9681.435546875,0.0036,0.0001245,0.0014939999999999999
2026-01-14T19:38:05.440019,0.0,48.0,0.42858123779296875,6599.92529296875,9681.951171875,0.0036,0.0001245,0.0014939999999999999
2026-01-14T19:43:06.460891,0.0,48.0,0.42861175537109375,6599.92529296875,9683.423828125,0.0036,0.0001245,0.0014939999999999999
2026-01-14T19:48:07.481655,1.0,48.0,0.42856597900390625,6599.92529296875,9684.279296875,0.003684,0.00012740499999999998,0.00152886
2026-01-14T19:53:08.502835,0.0,48.0,0.4285392761230469,6599.92529296875,9684.888671875,0.0036,0.0001245,0.0014939999999999999
2026-01-14T19:58:09.523948,0.0,48.0,0.4285011291503906,6599.92529296875,9685.419921875,0.0036,0.0001245,0.0014939999999999999
2026-01-14T20:03:10.545133,0.0,48.0,0.4284706115722656,6599.92529296875,9685.966796875,0.0036,0.0001245,0.0014939999999999999
2026-01-14T20:08:11.565868,0.5,48.0,0.4284400939941406,6599.92529296875,9686.654296875,0.003642,0.00012595249999999998,0.0015114299999999998
2026-01-14T20:13:12.586937,0.0,48.0,0.4284019470214844,6599.92529296875,9687.244140625,0.0036,0.0001245,0.0014939999999999999
2026-01-14T20:18:13.608502,0.0,48.0,0.4283638000488281,6599.92529296875,9688.037109375,0.0036,0.0001245,0.0014939999999999999
2026-01-14T20:23:14.639668,0.0,48.0,0.4283409118652344,6599.92529296875,9688.572265625,0.0036,0.0001245,0.0014939999999999999
2026-01-14T20:28:15.661345,0.0,48.0,0.4283103942871094,6599.92529296875,9689.123046875,0.0036,0.0001245,0.0014939999999999999
2026-01-14T20:33:16.682171,0.0,48.0,0.4282684326171875,6599.92529296875,9689.896484375,0.0036,0.0001245,0.0014939999999999999
2026-01-14T20:38:17.704036,0.0,48.0,0.4282379150390625,6599.92529296875,9690.416015625,0.0036,0.0001245,0.0014939999999999999
2026-01-14T20:43:18.725386,0.0,48.0,0.42821502685546875,6599.92529296875,9690.935546875,0.0036,0.0001245,0.0014939999999999999
2026-01-14T20:48:19.745944,0.0,47.1,0.4209136962890625,6599.92529296875,9691.658203125,0.0036,0.0001245,0.0014939999999999999
2026-01-14T20:53:20.767437,0.0,47.2,0.4217987060546875,6599.92529296875,9692.806640625,0.0036,0.0001245,0.0014939999999999999
2026-01-14T20:58:21.788138,0.0,47.2,0.4216156005859375,6599.92529296875,9693.791015625,0.0036,0.0001245,0.0014939999999999999
2026-01-14T21:03:22.808841,0.0,46.4,0.4140625,6599.92529296875,9694.853515625,0.0036,0.0001245,0.0014939999999999999
2026-01-14T21:08:23.829694,0.0,46.4,0.4145011901855469,6599.92529296875,9695.396484375,0.0036,0.0001245,0.0014939999999999999
2026-01-14T21:13:24.851003,0.0,46.4,0.4144706726074219,6599.92529296875,9695.931640625,0.0036,0.0001245,0.0014939999999999999
2026-01-14T21:18:25.872423,0.0,46.4,0.41443634033203125,6599.92529296875,9696.748046875,0.0036,0.0001245,0.0014939999999999999
2026-01-14T21:23:26.896227,0.0,45.6,0.40692138671875,6599.92529296875,9697.494140625,0.0036,0.0001245,0.0014939999999999999
2026-01-14T21:28:27.917191,0.0,45.6,0.40728759765625,6599.92529296875,9698.228515625,0.0036,0.0001245,0.0014939999999999999
2026-01-14T21:33:28.938340,0.0,45.8,0.4084510803222656,6599.92529296875,9698.791015625,0.0036,0.0001245,0.0014939999999999999
2026-01-14T21:38:29.959419,0.0,45.9,0.4098320007324219,6599.92529296875,9700.005859375,0.0036,0.0001245,0.0014939999999999999
2026-01-14T21:43:30.980277,0.0,45.9,0.4100189208984375,6599.92529296875,9700.884765625,0.0036,0.0001245,0.0014939999999999999
2026-01-14T21:48:32.002501,0.0,45.9,0.410003662109375,6599.92529296875,9701.419921875,0.0036,0.0001245,0.0014939999999999999
2026-01-14T21:53:33.023693,0.0,44.9,0.4006690979003906,6599.92529296875,9702.220703125,0.0036,0.0001245,0.0014939999999999999
2026-01-14T21:58:34.045607,0.0,44.2,0.3942451477050781,6599.92529296875,9704.240234375,0.0036,0.0001245,0.0014939999999999999
2026-01-14T22:03:35.066791,0.0,44.0,0.3925514221191406,6599.92529296875,9705.251953125,0.0036,0.0001245,0.0014939999999999999
2026-01-14T22:08:36.088081,0.5,44.0,0.3927650451660156,6599.92529296875,9705.810546875,0.003642,0.00012595249999999998,0.0015114299999999998
2026-01-14T22:13:37.109244,0.0,44.8,0.3998832702636719,6599.92529296875,9707.146484375,0.0036,0.0001245,0.0014939999999999999
2026-01-14T22:18:38.130787,0.0,44.8,0.3998260498046875,6599.92529296875,9708.240234375,0.0036,0.0001245,0.0014939999999999999
2026-01-14T22:23:39.151645,0.0,44.8,0.39978790283203125,6599.92529296875,9709.005859375,0.0036,0.0001245,0.0014939999999999999
2026-01-14T22:28:40.172629,0.0,44.8,0.3997650146484375,6599.92529296875,9709.572265625,0.0036,0.0001245,0.0014939999999999999
2026-01-14T22:33:41.193373,0.0,44.8,0.3997344970703125,6599.92529296875,9710.095703125,0.0036,0.0001245,0.0014939999999999999
2026-01-14T22:38:42.222581,0.0,44.8,0.3997306823730469,6599.92529296875,9710.607421875,0.0036,0.0001245,0.0014939999999999999
2026-01-14T22:43:43.243541,0.0,44.8,0.3996849060058594,6599.92529296875,9711.173828125,0.0036,0.0001245,0.0014939999999999999
2026-01-14T22:48:44.264412,0.0,44.8,0.3996620178222656,6599.92529296875,9711.673828125,0.0036,0.0001245,0.0014939999999999999
2026-01-14T22:53:45.285436,0.0,44.8,0.3996429443359375,6599.92529296875,9712.380859375,0.0036,0.0001245,0.0014939999999999999
2026-01-14T22:58:46.306600,0.0,44.0,0.3930473327636719,6599.92529296875,9713.232421875,0.0036,0.0001245,0.0014939999999999999
2026-01-14T23:03:47.327769,0.0,44.0,0.39301300048828125,6599.92529296875,9713.775390625,0.0036,0.0001245,0.0014939999999999999
2026-01-14T23:08:48.349030,0.0,44.0,0.3929862976074219,6599.92529296875,9714.310546875,0.0036,0.0001245,0.0014939999999999999
2026-01-14T23:13:49.370437,0.5,44.0,0.39296722412109375,6599.92529296875,9714.841796875,0.003642,0.00012595249999999998,0.0015114299999999998
2026-01-14T23:18:50.392475,0.0,44.0,0.39292144775390625,6599.92529296875,9715.888671875,0.0036,0.0001245,0.0014939999999999999
2026-01-14T23:23:51.413496,0.0,44.7,0.3993377685546875,6599.92529296875,9716.958984375,0.0036,0.0001245,0.0014939999999999999
2026-01-14T23:28:52.434898,0.0,44.8,0.4000358581542969,6599.92529296875,9717.716796875,0.0036,0.0001245,0.0014939999999999999
2026-01-14T23:33:53.456057,0.0,44.8,0.4000091552734375,6599.92529296875,9718.244140625,0.0036,0.0001245,0.0014939999999999999
2026-01-14T23:38:54.483765,0.0,44.8,0.399993896484375,6599.92529296875,9718.767578125,0.0036,0.0001245,0.0014939999999999999
2026-01-14T23:43:55.505303,0.0,44.8,0.39996337890625,6599.92529296875,9719.333984375,0.0036,0.0001245,0.0014939999999999999
2026-01-14T23:48:56.526684,0.5,44.8,0.3999366760253906,6599.92529296875,9719.990234375,0.003642,0.00012595249999999998,0.0015114299999999998
2026-01-14T23:53:57.547753,0.0,44.8,0.3999137878417969,6599.92529296875,9720.587890625,0.0036,0.0001245,0.0014939999999999999
2026-01-14T23:58:58.568922,0.5,44.8,0.3998870849609375,6599.92529296875,9721.099609375,0.003642,0.00012595249999999998,0.0015114299999999998
2026-01-15T00:03:59.590126,0.0,44.7,0.3989982604980469,6601.59326171875,9723.583984375,0.0036,0.0001245,0.0014939999999999999
2026-01-15T00:09:00.611111,0.0,44.9,0.4009590148925781,6602.28466796875,9725.587890625,0.0036,0.0001245,0.0014939999999999999
2026-01-15T00:14:01.633920,0.0,44.9,0.4009208679199219,6602.28466796875,9726.201171875,0.0036,0.0001245,0.0014939999999999999
2026-01-15T00:19:02.658869,0.0,44.9,0.4011268615722656,6602.28466796875,9727.220703125,0.0036,0.0001245,0.0014939999999999999
2026-01-15T00:24:03.680220,0.5,44.9,0.4011077880859375,6602.28466796875,9727.744140625,0.003642,0.00012595249999999998,0.0015114299999999998
2026-01-15T00:29:04.702987,0.0,44.9,0.4010772705078125,6602.28466796875,9728.267578125,0.0036,0.0001245,0.0014939999999999999
2026-01-15T00:34:05.724524,0.0,44.9,0.401031494140625,6602.28466796875,9728.990234375,0.0036,0.0001245,0.0014939999999999999
2026-01-15T00:39:06.748243,0.0,44.9,0.40100860595703125,6602.28466796875,9729.556640625,0.0036,0.0001245,0.0014939999999999999
2026-01-15T00:44:07.769468,0.0,44.9,0.4009857177734375,6602.28466796875,9730.302734375,0.0036,0.0001245,0.0014939999999999999
2026-01-15T00:49:08.791672,0.0,44.9,0.40097808837890625,6602.28466796875,9730.802734375,0.0036,0.0001245,0.0014939999999999999
2026-01-15T00:54:09.813146,0.0,47.6,0.4252815246582031,6956.26904296875,10026.041015625,0.0036,0.0001245,0.0014939999999999999
2026-01-15T00:59:10.834397,0.0,47.6,0.4252433776855469,6956.26904296875,10026.798828125,0.0036,0.0001245,0.0014939999999999999
2026-01-15T01:04:11.856200,0.0,47.6,0.4249992370605469,6956.36279296875,10027.337890625,0.0036,0.0001245,0.0014939999999999999
2026-01-15T01:09:12.877597,0.0,47.6,0.4249839782714844,6956.36279296875,10027.873046875,0.0036,0.0001245,0.0014939999999999999
2026-01-15T01:14:13.899947,0.0,47.6,0.42493438720703125,6956.36279296875,10028.662109375,0.0036,0.0001245,0.0014939999999999999
2026-01-15T01:19:14.921510,0.0,47.6,0.4248809814453125,6956.36279296875,10029.517578125,0.0036,0.0001245,0.0014939999999999999
2026-01-15T01:24:15.942913,0.0,47.6,0.42484283447265625,6956.36279296875,10030.076171875,0.0036,0.0001245,0.0014939999999999999
2026-01-15T01:29:16.964444,0.0,47.6,0.4248199462890625,6956.36279296875,10030.615234375,0.0036,0.0001245,0.0014939999999999999
2026-01-15T01:34:17.986010,0.5,47.6,0.4247779846191406,6956.36279296875,10031.201171875,0.003642,0.00012595249999999998,0.0015114299999999998
2026-01-15T01:39:19.007274,0.0,47.6,0.4247398376464844,6956.36279296875,10031.927734375,0.0036,0.0001245,0.0014939999999999999
2026-01-15T01:44:20.029173,0.0,47.6,0.4247093200683594,6956.36279296875,10032.470703125,0.0036,0.0001245,0.0014939999999999999
2026-01-15T01:49:21.050730,0.0,47.6,0.4246788024902344,6956.36279296875,10033.001953125,0.0036,0.0001245,0.0014939999999999999
2026-01-15T01:54:22.072078,0.0,47.3,0.42197418212890625,6957.41357421875,10033.908203125,0.0036,0.0001245,0.0014939999999999999
2026-01-15T01:59:23.093603,0.0,47.3,0.42194366455078125,6957.41357421875,10034.416015625,0.0036,0.0001245,0.0014939999999999999
2026-01-15T02:04:24.115409,0.0,47.3,0.4219093322753906,6957.41357421875,10035.123046875,0.0036,0.0001245,0.0014939999999999999
2026-01-15T02:09:25.138050,0.0,47.3,0.42212677001953125,6957.41357421875,10035.658203125,0.0036,0.0001245,0.0014939999999999999
2026-01-15T02:14:26.159629,0.0,47.2,0.4210243225097656,6957.41357421875,10036.212890625,0.0036,0.0001245,0.0014939999999999999
2026-01-15T02:19:27.182745,0.0,47.3,0.42193603515625,6957.41357421875,10037.033203125,0.0036,0.0001245,0.0014939999999999999
2026-01-15T02:24:28.212331,0.0,47.3,0.4219093322753906,6957.41357421875,10037.548828125,0.0036,0.0001245,0.0014939999999999999
2026-01-15T02:29:29.234169,0.0,47.2,0.4214897155761719,6957.41357421875,10038.099609375,0.0036,0.0001245,0.0014939999999999999
2026-01-15T02:34:30.255758,0.0,47.2,0.42120361328125,6957.41357421875,10038.806640625,0.0036,0.0001245,0.0014939999999999999
2026-01-15T02:39:31.284450,0.0,47.2,0.42118072509765625,6957.41357421875,10039.330078125,0.0036,0.0001245,0.0014939999999999999
2026-01-15T02:44:32.306017,0.0,47.1,0.4205894470214844,6957.41357421875,10039.869140625,0.0036,0.0001245,0.0014939999999999999
2026-01-15T02:49:33.327666,0.0,46.0,0.4110908508300781,6957.41357421875,10040.638671875,0.0036,0.0001245,0.0014939999999999999
2026-01-15T02:54:34.349863,0.0,46.1,0.4112663269042969,6957.41357421875,10041.619140625,0.0036,0.0001245,0.0014939999999999999
2026-01-15T02:59:35.371419,0.0,46.1,0.4119377136230469,6957.41357421875,10042.591796875,0.0036,0.0001245,0.0014939999999999999
2026-01-15T03:04:36.394570,0.5,46.1,0.4119224548339844,6957.41357421875,10043.130859375,0.003642,0.00012595249999999998,0.0015114299999999998
2026-01-15T03:09:37.416254,0.0,46.1,0.4118919372558594,6957.41357421875,10043.666015625,0.0036,0.0001245,0.0014939999999999999
2026-01-15T03:14:38.438512,0.0,46.2,0.4120903015136719,6957.41357421875,10044.458984375,0.0036,0.0001245,0.0014939999999999999
2026-01-15T03:19:39.460301,0.0,46.2,0.4120597839355469,6957.41357421875,10045.248046875,0.0036,0.0001245,0.0014939999999999999
2026-01-15T03:24:40.482912,0.0,46.2,0.4120292663574219,6957.41357421875,10045.951171875,0.0036,0.0001245,0.0014939999999999999
2026-01-15T03:29:41.504637,0.0,46.1,0.4120025634765625,6957.41357421875,10046.662109375,0.0036,0.0001245,0.0014939999999999999
2026-01-15T03:34:42.527013,0.0,46.1,0.4119606018066406,6957.41357421875,10047.240234375,0.0036,0.0001245,0.0014939999999999999
2026-01-15T03:39:43.548987,0.0,46.1,0.4119453430175781,6957.41357421875,10047.720703125,0.0036,0.0001245,0.0014939999999999999
2026-01-15T03:44:44.570725,0.0,46.1,0.4119148254394531,6957.41357421875,10048.326171875,0.0036,0.0001245,0.0014939999999999999
2026-01-15T03:49:45.592634,0.0,46.1,0.4118995666503906,6957.41357421875,10048.830078125,0.0036,0.0001245,0.0014939999999999999
2026-01-15T03:54:46.614298,0.0,46.1,0.4118499755859375,6957.41357421875,10049.783203125,0.0036,0.0001245,0.0014939999999999999
2026-01-15T03:59:47.636037,0.0,46.2,0.41207122802734375,6957.41357421875,10050.291015625,0.0036,0.0001245,0.0014939999999999999
2026-01-15T04:04:48.658015,0.0,46.2,0.4127540588378906,6957.41357421875,10050.849609375,0.0036,0.0001245,0.0014939999999999999
2026-01-15T04:09:49.679759,0.0,46.5,0.415130615234375,6957.41357421875,10051.357421875,0.0036,0.0001245,0.0014939999999999999
2026-01-15T04:14:50.701700,0.0,46.6,0.41583251953125,6957.41357421875,10051.880859375,0.0036,0.0001245,0.0014939999999999999
2026-01-15T04:19:51.723338,0.0,46.6,0.4157905578613281,6957.41357421875,10052.712890625,0.0036,0.0001245,0.0014939999999999999
2026-01-15T04:24:52.745190,0.0,46.6,0.41648101806640625,6957.41357421875,10053.478515625,0.0036,0.0001245,0.0014939999999999999
2026-01-15T04:29:53.767129,0.0,46.6,0.4164581298828125,6957.41357421875,10054.005859375,0.0036,0.0001245,0.0014939999999999999
2026-01-15T04:34:54.790098,0.0,46.6,0.4164276123046875,6957.41357421875,10054.537109375,0.0036,0.0001245,0.0014939999999999999
2026-01-15T04:39:55.814044,0.0,46.6,0.4164009094238281,6957.41357421875,10055.326171875,0.0036,0.0001245,0.0014939999999999999
2026-01-15T04:44:56.836072,0.0,46.6,0.4163703918457031,6957.41357421875,10055.865234375,0.0036,0.0001245,0.0014939999999999999
2026-01-15T04:49:57.857987,0.0,46.6,0.4163475036621094,6957.41357421875,10056.595703125,0.0036,0.0001245,0.0014939999999999999
2026-01-15T04:54:58.879795,0.0,46.6,0.4163055419921875,6957.41357421875,10057.185546875,0.0036,0.0001245,0.0014939999999999999
2026-01-15T04:59:59.901677,0.0,46.6,0.41628265380859375,6957.41357421875,10057.705078125,0.0036,0.0001245,0.0014939999999999999
2026-01-15T05:05:00.924212,0.0,46.6,0.4162445068359375,6957.41357421875,10058.287109375,0.0036,0.0001245,0.0014939999999999999
2026-01-15T05:10:01.979487,0.0,46.6,0.416229248046875,6957.41357421875,10058.771484375,0.0036,0.0001245,0.0014939999999999999
2026-01-15T05:15:03.002678,0.0,46.6,0.4161949157714844,6957.41357421875,10059.544921875,0.0036,0.0001245,0.0014939999999999999
2026-01-15T05:20:04.035838,0.0,46.6,0.4161529541015625,6957.41357421875,10060.408203125,0.0036,0.0001245,0.0014939999999999999
2026-01-15T05:25:05.058017,0.5,46.6,0.4161262512207031,6957.41357421875,10061.009765625,0.003642,0.00012595249999999998,0.0015114299999999998
2026-01-15T05:30:06.082228,0.0,46.6,0.41611480712890625,6957.41357421875,10061.509765625,0.0036,0.0001245,0.0014939999999999999
2026-01-15T05:35:07.105152,0.0,46.6,0.41608428955078125,6957.41357421875,10062.025390625,0.0036,0.0001245,0.0014939999999999999
2026-01-15T05:40:08.127362,0.0,46.6,0.41605377197265625,6957.41357421875,10062.814453125,0.0036,0.0001245,0.0014939999999999999
2026-01-15T05:45:09.150403,0.0,46.6,0.41625213623046875,6957.41357421875,10063.626953125,0.0036,0.0001245,0.0014939999999999999
2026-01-15T05:50:10.172421,0.0,46.6,0.41623687744140625,6957.41357421875,10064.373046875,0.0036,0.0001245,0.0014939999999999999
2026-01-15T05:55:11.196134,0.0,46.6,0.4162025451660156,6957.41357421875,10064.751953125,0.0036,0.0001245,0.0014939999999999999
2026-01-15T06:00:12.218379,0.0,46.6,0.41619110107421875,6957.41357421875,10065.255859375,0.0036,0.0001245,0.0014939999999999999
2026-01-15T06:05:13.240644,0.0,46.6,0.41614532470703125,6957.41357421875,10065.822265625,0.0036,0.0001245,0.0014939999999999999
2026-01-15T06:10:14.262626,0.0,46.6,0.416107177734375,6957.41357421875,10066.560546875,0.0036,0.0001245,0.0014939999999999999
2026-01-15T06:15:15.286132,0.0,46.6,0.4160919189453125,6957.41357421875,10067.107421875,0.0036,0.0001245,0.0014939999999999999
2026-01-15T06:20:16.312982,0.0,46.6,0.4160575866699219,6957.41357421875,10068.134765625,0.0036,0.0001245,0.0014939999999999999
2026-01-15T06:25:17.335064,0.0,49.7,0.4435081481933594,7148.63916015625,10329.048828125,0.0036,0.0001245,0.0014939999999999999
2026-01-15T06:30:18.358072,0.0,49.1,0.43874359130859375,7149.17822265625,10330.216796875,0.0036,0.0001245,0.0014939999999999999
2026-01-15T06:35:19.381210,0.0,49.1,0.43860626220703125,7149.27587890625,10330.986328125,0.0036,0.0001245,0.0014939999999999999
2026-01-15T06:40:20.403331,0.0,49.1,0.43859100341796875,7149.27587890625,10331.525390625,0.0036,0.0001245,0.0014939999999999999
2026-01-15T06:45:21.425478,0.0,45.9,0.4096412658691406,7149.27587890625,10332.701171875,0.0036,0.0001245,0.0014939999999999999
2026-01-15T06:50:22.447609,0.5,46.0,0.4105720520019531,7149.27587890625,10332.966796875,0.003642,0.00012595249999999998,0.0015114299999999998
2026-01-15T06:55:23.470837,0.0,46.0,0.4107933044433594,7149.27587890625,10333.783203125,0.0036,0.0001245,0.0014939999999999999
2026-01-15T07:00:24.493145,0.0,46.1,0.4114799499511719,7149.27587890625,10334.064453125,0.0036,0.0001245,0.0014939999999999999
2026-01-15T07:05:25.516265,0.0,46.1,0.4114341735839844,7149.27978515625,10335.123046875,0.0036,0.0001245,0.0014939999999999999
2026-01-15T07:10:26.538354,0.0,46.1,0.41164398193359375,7149.27978515625,10335.412109375,0.0036,0.0001245,0.0014939999999999999
2026-01-15T07:15:27.562006,0.0,46.1,0.4118766784667969,7149.27978515625,10336.150390625,0.0036,0.0001245,0.0014939999999999999
2026-01-15T07:20:28.584420,0.0,46.1,0.4118232727050781,7149.27978515625,10336.763671875,0.0036,0.0001245,0.0014939999999999999
2026-01-15T07:25:29.606845,0.0,46.1,0.4118003845214844,7149.27978515625,10337.345703125,0.0036,0.0001245,0.0014939999999999999
2026-01-15T07:30:30.629240,0.0,46.3,0.4129295349121094,7149.27978515625,10338.080078125,0.0036,0.0001245,0.0014939999999999999
2026-01-15T07:35:31.652358,0.0,46.4,0.4138641357421875,7149.27978515625,10339.251953125,0.0036,0.0001245,0.0014939999999999999
2026-01-15T07:40:32.674594,0.5,45.1,0.40232086181640625,7149.31103515625,10339.740234375,0.003642,0.00012595249999999998,0.0015114299999999998
2026-01-15T07:45:33.697258,0.0,45.1,0.4027595520019531,7149.31103515625,10340.591796875,0.0036,0.0001245,0.0014939999999999999
2026-01-15T07:50:34.719952,0.0,45.1,0.40273284912109375,7149.31103515625,10341.142578125,0.0036,0.0001245,0.0014939999999999999
2026-01-15T07:55:35.743583,0.0,45.2,0.4034271240234375,7149.31103515625,10341.779296875,0.0036,0.0001245,0.0014939999999999999
2026-01-15T08:00:36.766043,0.0,45.2,0.4033966064453125,7149.31103515625,10342.490234375,0.0036,0.0001245,0.0014939999999999999
2026-01-15T08:05:37.788450,0.5,45.2,0.40338134765625,7149.31103515625,10343.060546875,0.003642,0.00012595249999999998,0.0015114299999999998
2026-01-15T08:10:38.810988,0.0,45.2,0.403350830078125,7149.31103515625,10343.337890625,0.0036,0.0001245,0.0014939999999999999
2026-01-15T08:15:39.834784,0.0,45.2,0.4035606384277344,7149.31103515625,10344.115234375,0.0036,0.0001245,0.0014939999999999999
2026-01-15T08:20:40.858951,0.0,45.2,0.40366363525390625,7149.38916015625,10344.779296875,0.0036,0.0001245,0.0014939999999999999
2026-01-15T08:25:41.881162,0.0,45.2,0.40386199951171875,7149.38916015625,10345.798828125,0.0036,0.0001245,0.0014939999999999999
2026-01-15T08:30:42.903821,0.0,45.2,0.4038352966308594,7149.38916015625,10346.330078125,0.0036,0.0001245,0.0014939999999999999
2026-01-15T08:35:43.927396,0.0,45.2,0.40380859375,7149.38916015625,10346.853515625,0.0036,0.0001245,0.0014939999999999999
2026-01-15T08:40:44.950111,0.0,45.2,0.403778076171875,7149.38916015625,10347.146484375,0.0036,0.0001245,0.0014939999999999999
2026-01-15T08:45:45.972720,0.0,45.2,0.40374755859375,7149.38916015625,10347.970703125,0.0036,0.0001245,0.0014939999999999999
2026-01-15T08:50:46.995117,0.0,45.2,0.4037322998046875,7149.38916015625,10348.244140625,0.0036,0.0001245,0.0014939999999999999
2026-01-15T08:55:48.020084,0.0,45.2,0.4037017822265625,7149.38916015625,10349.302734375,0.0036,0.0001245,0.0014939999999999999
2026-01-15T09:00:49.042860,0.0,45.2,0.4036598205566406,7149.38916015625,10349.853515625,0.0036,0.0001245,0.0014939999999999999
2026-01-15T09:05:50.065939,0.0,45.2,0.40362548828125,7149.38916015625,10350.689453125,0.0036,0.0001245,0.0014939999999999999
2026-01-15T09:10:51.088615,0.0,45.2,0.4035987854003906,7149.38916015625,10351.201171875,0.0036,0.0001245,0.0014939999999999999
2026-01-15T09:15:52.113180,0.0,45.2,0.4035835266113281,7149.38916015625,10351.779296875,0.0036,0.0001245,0.0014939999999999999
2026-01-15T09:20:53.135623,0.0,45.2,0.4035186767578125,7149.38916015625,10352.748046875,0.0036,0.0001245,0.0014939999999999999
2026-01-15T09:25:54.158383,0.0,45.2,0.4034919738769531,7149.38916015625,10353.345703125,0.0036,0.0001245,0.0014939999999999999
2026-01-15T09:30:55.181200,0.0,45.2,0.4034576416015625,7149.38916015625,10354.169921875,0.0036,0.0001245,0.0014939999999999999
2026-01-15T09:35:56.204376,0.0,45.2,0.4034271240234375,7149.38916015625,10354.701171875,0.0036,0.0001245,0.0014939999999999999
2026-01-15T09:40:57.227458,0.0,45.2,0.4034004211425781,7149.38916015625,10355.228515625,0.0036,0.0001245,0.0014939999999999999
2026-01-15T09:45:58.250040,0.0,45.2,0.4033622741699219,7149.38916015625,10356.005859375,0.0036,0.0001245,0.0014939999999999999
2026-01-15T09:50:59.272519,0.0,45.2,0.4033393859863281,7149.38916015625,10356.544921875,0.0036,0.0001245,0.0014939999999999999
2026-01-15T09:56:00.295985,0.0,45.2,0.4033088684082031,7149.38916015625,10357.154296875,0.0036,0.0001245,0.0014939999999999999
2026-01-15T10:01:01.335162,0.0,47.2,0.42139434814453125,7157.19775390625,10358.271484375,0.0036,0.0001245,0.0014939999999999999
2026-01-15T10:06:02.373100,0.0,47.2,0.4213714599609375,7157.19775390625,10358.853515625,0.0036,0.0001245,0.0014939999999999999
2026-01-15T10:11:03.398163,0.0,47.1,0.42066192626953125,7157.19775390625,10359.603515625,0.0036,0.0001245,0.0014939999999999999
2026-01-15T10:16:04.421341,0.0,47.2,0.4213371276855469,7157.19775390625,10360.458984375,0.0036,0.0001245,0.0014939999999999999
2026-01-15T10:21:05.443931,0.0,47.1,0.4201087951660156,7157.19775390625,10361.314453125,0.0036,0.0001245,0.0014939999999999999
2026-01-15T10:26:06.467478,0.0,47.1,0.4203147888183594,7157.19775390625,10361.845703125,0.0036,0.0001245,0.0014939999999999999
2026-01-15T10:31:07.490263,0.0,47.2,0.4212608337402344,7157.19775390625,10362.373046875,0.0036,0.0001245,0.0014939999999999999
2026-01-15T10:36:08.513258,0.0,47.2,0.4212226867675781,7157.19775390625,10363.162109375,0.0036,0.0001245,0.0014939999999999999
2026-01-15T10:41:09.536039,0.0,46.5,0.41486358642578125,7157.19775390625,10364.123046875,0.0036,0.0001245,0.0014939999999999999
2026-01-15T10:46:10.565955,0.0,46.5,0.4148368835449219,7157.19775390625,10364.759765625,0.0036,0.0001245,0.0014939999999999999
2026-01-15T10:51:11.588756,0.0,46.5,0.415283203125,7157.19775390625,10365.326171875,0.0036,0.0001245,0.0014939999999999999
2026-01-15T10:56:12.611815,0.0,46.3,0.4130973815917969,7160.65478515625,10369.423828125,0.0036,0.0001245,0.0014939999999999999
2026-01-15T11:01:13.635203,0.5,46.3,0.4130706787109375,7160.65478515625,10369.943359375,0.003642,0.00012595249999999998,0.0015114299999999998
2026-01-15T11:06:14.659169,0.0,46.3,0.41303253173828125,7160.65478515625,10370.607421875,0.0036,0.0001245,0.0014939999999999999
2026-01-15T11:11:15.697146,0.0,46.3,0.4130096435546875,7160.65478515625,10371.146484375,0.0036,0.0001245,0.0014939999999999999
2026-01-15T11:16:16.720001,0.0,46.3,0.41298675537109375,7160.65478515625,10371.662109375,0.0036,0.0001245,0.0014939999999999999
2026-01-15T11:21:17.743873,0.0,46.3,0.4129447937011719,7160.65478515625,10372.490234375,0.0036,0.0001245,0.0014939999999999999
2026-01-15T11:26:18.766623,0.0,46.2,0.41291046142578125,7160.65478515625,10373.123046875,0.0036,0.0001245,0.0014939999999999999
2026-01-15T11:31:19.789705,0.0,46.3,0.4130859375,7160.65478515625,10373.853515625,0.0036,0.0001245,0.0014939999999999999
2026-01-15T11:36:20.812580,0.0,46.3,0.4130516052246094,7160.65478515625,10374.630859375,0.0036,0.0001245,0.0014939999999999999
2026-01-15T11:41:21.835457,0.0,46.2,0.4128875732421875,7160.65478515625,10375.169921875,0.0036,0.0001245,0.0014939999999999999
2026-01-15T11:46:22.859939,0.0,46.2,0.4128303527832031,7160.65869140625,10376.337890625,0.0036,0.0001245,0.0014939999999999999
2026-01-15T11:51:23.883035,0.0,49.7,0.4435577392578125,7164.03369140625,10392.291015625,0.0036,0.0001245,0.0014939999999999999
2026-01-15T11:56:24.906200,0.0,49.7,0.4432792663574219,7164.03369140625,10392.896484375,0.0036,0.0001245,0.0014939999999999999
2026-01-15T12:01:25.929221,0.0,49.6,0.4432411193847656,7164.03759765625,10393.470703125,0.0036,0.0001245,0.0014939999999999999
2026-01-15T12:06:26.952779,0.5,49.6,0.4432182312011719,7164.03759765625,10394.205078125,0.003642,0.00012595249999999998,0.0015114299999999998
2026-01-15T12:11:27.978572,0.0,49.6,0.44317626953125,7164.03759765625,10394.767578125,0.0036,0.0001245,0.0014939999999999999
2026-01-15T12:16:29.001594,0.0,49.6,0.443145751953125,7164.03759765625,10395.306640625,0.0036,0.0001245,0.0014939999999999999
2026-01-15T12:21:30.028883,0.0,49.6,0.4431037902832031,7164.03759765625,10396.150390625,0.0036,0.0001245,0.0014939999999999999
2026-01-15T12:26:31.051945,0.0,49.6,0.4430732727050781,7164.03759765625,10396.724609375,0.0036,0.0001245,0.0014939999999999999
2026-01-15T12:31:32.076414,0.0,49.5,0.44168853759765625,7164.06494140625,10397.876953125,0.0036,0.0001245,0.0014939999999999999
2026-01-15T12:36:33.099642,0.0,49.5,0.44165802001953125,7164.06494140625,10398.412109375,0.0036,0.0001245,0.0014939999999999999
2026-01-15T12:41:34.123690,0.0,49.5,0.4416351318359375,7164.06494140625,10398.951171875,0.0036,0.0001245,0.0014939999999999999
2026-01-15T12:46:35.148113,0.0,49.4,0.441253662109375,7164.06494140625,10399.466796875,0.0036,0.0001245,0.0014939999999999999
2026-01-15T12:51:36.172014,0.5,49.4,0.4412269592285156,7164.06494140625,10400.041015625,0.003642,0.00012595249999999998,0.0015114299999999998
2026-01-15T12:56:37.195588,0.0,49.3,0.44049835205078125,7164.06494140625,10400.853515625,0.0036,0.0001245,0.0014939999999999999
2026-01-15T13:01:38.219236,0.0,49.3,0.44046783447265625,7164.06494140625,10401.400390625,0.0036,0.0001245,0.0014939999999999999
2026-01-15T13:06:39.242608,0.0,49.3,0.4404335021972656,7164.06494140625,10401.978515625,0.0036,0.0001245,0.0014939999999999999
2026-01-15T13:11:40.267447,0.0,49.3,0.4403953552246094,7164.06494140625,10402.560546875,0.0036,0.0001245,0.0014939999999999999
2026-01-15T13:16:41.290722,0.0,49.3,0.44036865234375,7164.06494140625,10403.103515625,0.0036,0.0001245,0.0014939999999999999
2026-01-15T13:21:42.314007,0.0,47.7,0.4258308410644531,7164.40478515625,10404.365234375,0.0036,0.0001245,0.0014939999999999999
2026-01-15T13:26:43.337017,0.0,47.7,0.4258003234863281,7164.40478515625,10405.123046875,0.0036,0.0001245,0.0014939999999999999
2026-01-15T13:31:44.360213,0.0,47.6,0.4252357482910156,7164.40478515625,10405.716796875,0.0036,0.0001245,0.0014939999999999999
2026-01-15T13:36:45.383513,0.0,47.6,0.4251861572265625,7164.40478515625,10406.283203125,0.0036,0.0001245,0.0014939999999999999
2026-01-15T13:41:46.406722,0.0,47.6,0.4251594543457031,7164.40478515625,10406.841796875,0.0036,0.0001245,0.0014939999999999999
2026-01-15T13:46:47.430006,0.0,44.2,0.39437103271484375,7164.40478515625,10408.427734375,0.0036,0.0001245,0.0014939999999999999
2026-01-15T13:51:48.453456,0.0,44.4,0.396820068359375,7164.40478515625,10410.294921875,0.0036,0.0001245,0.0014939999999999999
2026-01-15T13:56:49.476642,0.0,44.7,0.3987159729003906,7164.40478515625,10410.853515625,0.0036,0.0001245,0.0014939999999999999
2026-01-15T14:01:50.500186,0.0,44.5,0.3974571228027344,7164.40478515625,10411.630859375,0.0036,0.0001245,0.0014939999999999999
2026-01-15T14:06:51.523451,0.0,44.5,0.3976707458496094,7164.40478515625,10412.205078125,0.0036,0.0001245,0.0014939999999999999
2026-01-15T14:11:52.546740,0.0,44.5,0.39763641357421875,7164.40478515625,10412.794921875,0.0036,0.0001245,0.0014939999999999999
2026-01-15T14:16:53.570661,0.0,44.5,0.3975982666015625,7164.40478515625,10413.533203125,0.0036,0.0001245,0.0014939999999999999
2026-01-15T14:21:54.594057,0.0,44.4,0.39638519287109375,7164.40478515625,10414.677734375,0.0036,0.0001245,0.0014939999999999999
2026-01-15T14:26:55.617929,0.0,44.5,0.39730072021484375,7164.40478515625,10415.306640625,0.0036,0.0001245,0.0014939999999999999
2026-01-15T14:31:56.642172,0.0,44.3,0.39548492431640625,7164.40478515625,10416.072265625,0.0036,0.0001245,0.0014939999999999999
2026-01-15T14:36:57.667517,0.0,44.5,0.3969001770019531,7164.40478515625,10416.603515625,0.0036,0.0001245,0.0014939999999999999
2026-01-15T14:41:58.692617,0.0,44.6,0.39855194091796875,7164.40478515625,10417.529296875,0.0036,0.0001245,0.0014939999999999999
2026-01-15T14:46:59.716048,0.0,44.8,0.3997383117675781,7164.40478515625,10418.072265625,0.0036,0.0001245,0.0014939999999999999
2026-01-15T14:52:00.739939,0.0,44.8,0.39969635009765625,7164.40478515625,10418.646484375,0.0036,0.0001245,0.0014939999999999999
2026-01-15T14:57:01.777089,0.0,44.8,0.3996734619140625,7164.40478515625,10419.263671875,0.0036,0.0001245,0.0014939999999999999
2026-01-15T15:02:02.805712,0.0,44.8,0.3998832702636719,7164.40478515625,10419.818359375,0.0036,0.0001245,0.0014939999999999999
2026-01-15T15:07:03.830673,0.0,44.8,0.3998527526855469,7164.40478515625,10420.330078125,0.0036,0.0001245,0.0014939999999999999
2026-01-15T15:12:04.854892,0.0,44.8,0.3997840881347656,7164.40478515625,10421.462890625,0.0036,0.0001245,0.0014939999999999999
2026-01-15T15:17:05.879127,0.0,44.8,0.3997459411621094,7164.40478515625,10422.037109375,0.0036,0.0001245,0.0014939999999999999
2026-01-15T15:22:06.905897,0.0,44.9,0.40090179443359375,7164.40478515625,10423.123046875,0.0036,0.0001245,0.0014939999999999999
2026-01-15T15:27:07.929575,0.0,44.9,0.40087890625,7164.40478515625,10423.654296875,0.0036,0.0001245,0.0014939999999999999
2026-01-15T15:32:08.953665,0.0,44.6,0.39788818359375,7164.40478515625,10424.458984375,0.0036,0.0001245,0.0014939999999999999
2026-01-15T15:37:09.977888,0.0,44.7,0.3990440368652344,7164.40478515625,10425.251953125,0.0036,0.0001245,0.0014939999999999999
2026-01-15T15:42:11.001472,0.0,44.8,0.3997344970703125,7164.40478515625,10425.810546875,0.0036,0.0001245,0.0014939999999999999
2026-01-15T15:47:12.026020,0.0,44.8,0.3997077941894531,7164.40478515625,10426.341796875,0.0036,0.0001245,0.0014939999999999999
2026-01-15T15:52:13.049389,0.0,44.8,0.3996696472167969,7164.40478515625,10426.962890625,0.0036,0.0001245,0.0014939999999999999
2026-01-15T15:57:14.073239,0.0,44.8,0.3996315002441406,7164.40478515625,10427.587890625,0.0036,0.0001245,0.0014939999999999999
2026-01-15T16:02:15.098437,0.0,44.8,0.3996124267578125,7164.40478515625,10428.130859375,0.0036,0.0001245,0.0014939999999999999
2026-01-15T16:07:16.122084,0.0,44.8,0.3995857238769531,7164.40478515625,10428.841796875,0.0036,0.0001245,0.0014939999999999999
2026-01-15T16:12:17.145718,0.0,44.8,0.3995513916015625,7164.40478515625,10429.427734375,0.0036,0.0001245,0.0014939999999999999
2026-01-15T16:17:18.170050,0.0,44.8,0.4000053405761719,7164.40478515625,10429.990234375,0.0036,0.0001245,0.0014939999999999999
2026-01-15T16:22:19.194033,0.0,44.3,0.39546966552734375,7164.40478515625,10431.201171875,0.0036,0.0001245,0.0014939999999999999
2026-01-15T16:27:20.218093,0.0,44.5,0.3969879150390625,7164.40478515625,10431.818359375,0.0036,0.0001245,0.0014939999999999999
2026-01-15T16:32:21.241437,0.0,44.5,0.3976554870605469,7164.40478515625,10432.638671875,0.0036,0.0001245,0.0014939999999999999
2026-01-15T16:37:22.264807,0.0,44.5,0.3976249694824219,7164.40478515625,10433.177734375,0.0036,0.0001245,0.0014939999999999999
2026-01-15T16:42:23.288321,0.0,44.8,0.39962005615234375,7164.40478515625,10433.943359375,0.0036,0.0001245,0.0014939999999999999
2026-01-15T16:47:24.311719,0.0,44.8,0.39957427978515625,7164.40478515625,10434.533203125,0.0036,0.0001245,0.0014939999999999999
2026-01-15T16:52:25.335682,0.5,44.8,0.3997802734375,7164.40478515625,10435.111328125,0.003642,0.00012595249999999998,0.0015114299999999998
2026-01-15T16:57:26.359489,0.5,44.7,0.3993568420410156,7164.40478515625,10436.181640625,0.003642,0.00012595249999999998,0.0015114299999999998
2026-01-15T17:02:27.383698,0.0,44.7,0.3993186950683594,7164.40478515625,10436.814453125,0.0036,0.0001245,0.0014939999999999999
2026-01-15T17:07:28.408416,0.0,44.8,0.3995323181152344,7164.40478515625,10437.353515625,0.0036,0.0001245,0.0014939999999999999
2026-01-15T17:12:29.432588,0.0,45.0,0.4021415710449219,7164.40478515625,10437.935546875,0.0036,0.0001245,0.0014939999999999999
2026-01-15T17:17:30.456580,0.0,45.0,0.4021110534667969,7164.41259765625,10438.775390625,0.0036,0.0001245,0.0014939999999999999
2026-01-15T17:22:31.481924,0.0,45.0,0.4020805358886719,7164.41259765625,10439.580078125,0.0036,0.0001245,0.0014939999999999999
2026-01-15T17:27:32.506301,0.0,45.0,0.4020423889160156,7164.41259765625,10440.294921875,0.0036,0.0001245,0.0014939999999999999
2026-01-15T17:32:33.530094,0.5,45.0,0.40198516845703125,7164.41259765625,10440.912109375,0.003642,0.00012595249999999998,0.0015114299999999998
2026-01-15T17:37:34.554117,0.0,45.0,0.4019775390625,7164.41259765625,10441.451171875,0.0036,0.0001245,0.0014939999999999999
2026-01-15T17:42:35.579232,0.0,45.0,0.4019432067871094,7164.41259765625,10441.998046875,0.0036,0.0001245,0.0014939999999999999
2026-01-15T17:47:36.603197,0.0,45.0,0.40191650390625,7164.41259765625,10442.541015625,0.0036,0.0001245,0.0014939999999999999
2026-01-15T17:52:37.627323,0.0,45.0,0.4018707275390625,7164.41259765625,10443.490234375,0.0036,0.0001245,0.0014939999999999999
2026-01-15T17:57:38.651526,0.0,45.0,0.40183258056640625,7164.41259765625,10444.177734375,0.0036,0.0001245,0.0014939999999999999
2026-01-15T18:02:39.675485,0.0,45.0,0.40179443359375,7164.41259765625,10444.748046875,0.0036,0.0001245,0.0014939999999999999
2026-01-15T18:07:40.699369,0.0,45.0,0.40177154541015625,7164.41259765625,10445.275390625,0.0036,0.0001245,0.0014939999999999999
2026-01-15T18:12:41.723533,0.0,45.0,0.4017372131347656,7164.41259765625,10445.884765625,0.0036,0.0001245,0.0014939999999999999
2026-01-15T18:17:42.747626,0.0,45.0,0.4015312194824219,7164.70166015625,10446.748046875,0.0036,0.0001245,0.0014939999999999999
2026-01-15T18:22:43.773145,0.0,45.0,0.4015083312988281,7164.70166015625,10447.517578125,0.0036,0.0001245,0.0014939999999999999
2026-01-15T18:27:44.797045,0.0,45.0,0.4014739990234375,7164.70166015625,10448.087890625,0.0036,0.0001245,0.0014939999999999999
2026-01-15T18:32:45.821008,0.0,45.0,0.4014320373535156,7164.70166015625,10448.705078125,0.0036,0.0001245,0.0014939999999999999
2026-01-15T18:37:46.849086,0.0,45.0,0.4014091491699219,7164.70166015625,10449.228515625,0.0036,0.0001245,0.0014939999999999999
2026-01-15T18:42:47.873083,0.0,44.6,0.39861297607421875,7164.70166015625,10450.052734375,0.0036,0.0001245,0.0014939999999999999
2026-01-15T18:47:48.897277,0.0,44.7,0.3988075256347656,7164.70166015625,10451.267578125,0.0036,0.0001245,0.0014939999999999999
2026-01-15T18:52:49.922012,0.0,45.8,0.4087371826171875,7165.80712890625,10452.322265625,0.0036,0.0001245,0.0014939999999999999
2026-01-15T18:57:50.946027,0.0,45.8,0.4089469909667969,7165.80712890625,10452.927734375,0.0036,0.0001245,0.0014939999999999999
2026-01-15T19:02:51.970035,0.0,45.9,0.4102020263671875,7166.21728515625,10453.669921875,0.0036,0.0001245,0.0014939999999999999
2026-01-15T19:07:52.994002,0.0,46.1,0.41114044189453125,7166.21728515625,10454.240234375,0.0036,0.0001245,0.0014939999999999999
2026-01-15T19:12:54.019006,0.0,46.2,0.4127006530761719,7166.30712890625,10454.853515625,0.0036,0.0001245,0.0014939999999999999
2026-01-15T19:17:55.043287,0.0,46.2,0.4126396179199219,7166.30712890625,10455.974609375,0.0036,0.0001245,0.0014939999999999999
2026-01-15T19:22:56.067680,0.5,46.2,0.4126243591308594,7166.30712890625,10456.544921875,0.003642,0.00012595249999999998,0.0015114299999999998
2026-01-15T19:27:57.092642,0.5,46.2,0.412506103515625,7166.61572265625,10458.041015625,0.003642,0.00012595249999999998,0.0015114299999999998
2026-01-15T19:32:58.117351,0.0,46.3,0.4131813049316406,7166.61572265625,10459.072265625,0.0036,0.0001245,0.0014939999999999999
2026-01-15T19:37:59.141336,0.0,46.3,0.4131507873535156,7166.61572265625,10459.619140625,0.0036,0.0001245,0.0014939999999999999
2026-01-15T19:43:00.166988,0.0,46.5,0.41551971435546875,7166.61572265625,10460.380859375,0.0036,0.0001245,0.0014939999999999999
2026-01-15T19:48:01.196855,0.0,46.4,0.4138374328613281,7166.61572265625,10461.181640625,0.0036,0.0001245,0.0014939999999999999
2026-01-15T19:53:02.250055,0.0,46.4,0.4140357971191406,7166.61572265625,10461.806640625,0.0036,0.0001245,0.0014939999999999999
2026-01-15T19:58:03.275909,0.0,46.6,0.4161643981933594,7166.61572265625,10462.423828125,0.0036,0.0001245,0.0014939999999999999
2026-01-15T20:03:04.305489,0.0,46.7,0.4168701171875,7166.61572265625,10462.974609375,0.0036,0.0001245,0.0014939999999999999
2026-01-15T20:08:05.330041,0.0,46.7,0.4168357849121094,7166.61572265625,10463.560546875,0.0036,0.0001245,0.0014939999999999999
2026-01-15T20:13:06.354311,0.0,46.9,0.4186973571777344,7166.61572265625,10464.662109375,0.0036,0.0001245,0.0014939999999999999
2026-01-15T20:18:07.378691,0.0,47.0,0.4196205139160156,7166.61572265625,10465.552734375,0.0036,0.0001245,0.0014939999999999999
2026-01-15T20:23:08.422504,0.0,47.0,0.4195899963378906,7166.61572265625,10466.126953125,0.0036,0.0001245,0.0014939999999999999
2026-01-15T20:28:09.446990,0.0,47.0,0.4195747375488281,7166.61572265625,10466.669921875,0.0036,0.0001245,0.0014939999999999999
2026-01-15T20:33:10.471288,0.0,47.0,0.419525146484375,7166.61572265625,10467.283203125,0.0036,0.0001245,0.0014939999999999999
2026-01-15T20:38:11.495628,0.0,46.5,0.4154052734375,7166.61572265625,10468.224609375,0.0036,0.0001245,0.0014939999999999999
2026-01-15T20:43:12.520230,0.0,46.7,0.4172935485839844,7166.61572265625,10468.982421875,0.0036,0.0001245,0.0014939999999999999
2026-01-15T20:48:13.546667,0.0,46.3,0.4131202697753906,7166.61572265625,10469.810546875,0.0036,0.0001245,0.0014939999999999999
2026-01-15T20:53:14.572288,0.0,44.5,0.397674560546875,7166.61572265625,10471.392578125,0.0036,0.0001245,0.0014939999999999999
2026-01-15T20:58:15.597234,0.0,44.7,0.3988304138183594,7166.61572265625,10472.064453125,0.0036,0.0001245,0.0014939999999999999
2026-01-15T21:03:16.621719,1.0,44.6,0.3983421325683594,7166.61572265625,10474.267578125,0.003684,0.00012740499999999998,0.00152886
2026-01-15T21:08:17.646803,0.5,44.9,0.40044403076171875,7166.61572265625,10479.861328125,0.003642,0.00012595249999999998,0.0015114299999999998
2026-01-15T21:13:18.671636,0.0,44.4,0.3963623046875,7166.61572265625,10484.044921875,0.0036,0.0001245,0.0014939999999999999
2026-01-15T21:18:19.696050,0.0,44.7,0.398712158203125,7166.61572265625,10485.044921875,0.0036,0.0001245,0.0014939999999999999
2026-01-15T21:23:20.720375,0.0,44.6,0.3984336853027344,7166.61572265625,10486.193359375,0.0036,0.0001245,0.0014939999999999999
2026-01-15T21:28:21.744648,0.0,44.8,0.3996124267578125,7166.61572265625,10486.763671875,0.0036,0.0001245,0.0014939999999999999
2026-01-15T21:33:22.769226,0.0,44.6,0.39778900146484375,7166.61572265625,10487.318359375,0.0036,0.0001245,0.0014939999999999999
2026-01-15T21:38:23.793710,0.0,44.6,0.3979988098144531,7166.61572265625,10488.095703125,0.0036,0.0001245,0.0014939999999999999
2026-01-15T21:43:24.818672,0.0,44.5,0.3969078063964844,7166.61572265625,10489.056640625,0.0036,0.0001245,0.0014939999999999999
2026-01-15T21:48:25.843552,0.5,44.6,0.39846038818359375,7166.61572265625,10489.603515625,0.003642,0.00012595249999999998,0.0015114299999999998
2026-01-15T21:53:26.868131,0.0,44.2,0.3943634033203125,7166.61572265625,10490.189453125,0.0036,0.0001245,0.0014939999999999999
2026-01-15T21:58:27.892704,0.0,44.5,0.3974571228027344,7166.61572265625,10491.005859375,0.0036,0.0001245,0.0014939999999999999
2026-01-15T22:03:28.917535,0.5,44.6,0.39859771728515625,7166.61572265625,10491.857421875,0.003642,0.00012595249999999998,0.0015114299999999998
2026-01-15T22:08:29.942265,0.0,44.7,0.3994865417480469,7166.61572265625,10492.755859375,0.0036,0.0001245,0.0014939999999999999
2026-01-15T22:13:30.967188,0.0,44.5,0.397186279296875,7166.61572265625,10493.884765625,0.0036,0.0001245,0.0014939999999999999
2026-01-15T22:18:31.994784,0.0,44.7,0.3990592956542969,7166.61572265625,10494.724609375,0.0036,0.0001245,0.0014939999999999999
2026-01-15T22:23:33.020307,0.0,44.7,0.39904022216796875,7166.61572265625,10495.330078125,0.0036,0.0001245,0.0014939999999999999
2026-01-15T22:28:34.047758,0.0,44.8,0.39971160888671875,7166.61572265625,10496.009765625,0.0036,0.0001245,0.0014939999999999999
2026-01-15T22:33:35.072447,0.0,44.8,0.3996849060058594,7166.61572265625,10496.603515625,0.0036,0.0001245,0.0014939999999999999
2026-01-15T22:38:36.098066,0.5,44.8,0.3996391296386719,7166.61572265625,10497.177734375,0.003642,0.00012595249999999998,0.0015114299999999998
2026-01-15T22:43:37.122769,0.0,44.8,0.39960479736328125,7166.61572265625,10497.775390625,0.0036,0.0001245,0.0014939999999999999
2026-01-15T22:48:38.150176,0.0,44.6,0.39788818359375,7166.61572265625,10498.509765625,0.0036,0.0001245,0.0014939999999999999
2026-01-15T22:53:39.174851,0.0,44.6,0.397857666015625,7166.61572265625,10499.080078125,0.0036,0.0001245,0.0014939999999999999
2026-01-15T22:58:40.199755,0.0,44.7,0.3992652893066406,7166.61572265625,10499.904296875,0.0036,0.0001245,0.0014939999999999999
2026-01-15T23:03:41.224201,0.0,44.7,0.39922332763671875,7166.61572265625,10500.494140625,0.0036,0.0001245,0.0014939999999999999
2026-01-15T23:08:42.253671,0.0,44.7,0.39919281005859375,7166.61572265625,10501.037109375,0.0036,0.0001245,0.0014939999999999999
2026-01-15T23:13:43.281181,0.0,44.7,0.3994102478027344,7166.61572265625,10501.591796875,0.0036,0.0001245,0.0014939999999999999
2026-01-15T23:18:44.306028,0.0,44.7,0.3993644714355469,7166.61572265625,10502.615234375,0.0036,0.0001245,0.0014939999999999999
2026-01-15T23:23:45.330698,0.0,44.7,0.39929962158203125,7166.61572265625,10503.716796875,0.0036,0.0001245,0.0014939999999999999
2026-01-15T23:28:46.355496,0.0,44.7,0.3992805480957031,7166.61572265625,10504.302734375,0.0036,0.0001245,0.0014939999999999999
2026-01-15T23:33:47.380235,0.0,44.7,0.39925384521484375,7166.61572265625,10504.853515625,0.0036,0.0001245,0.0014939999999999999
2026-01-15T23:38:48.405046,0.5,44.7,0.39890289306640625,7166.61572265625,10505.427734375,0.003642,0.00012595249999999998,0.0015114299999999998
2026-01-15T23:43:49.429637,0.0,44.5,0.3970298767089844,7166.61572265625,10506.236328125,0.0036,0.0001245,0.0014939999999999999
2026-01-15T23:48:50.454795,0.0,44.5,0.397003173828125,7166.61572265625,10506.857421875,0.0036,0.0001245,0.0014939999999999999
2026-01-15T23:53:51.479783,0.0,44.5,0.3971977233886719,7166.61572265625,10507.626953125,0.0036,0.0001245,0.0014939999999999999
2026-01-15T23:58:52.504729,0.5,44.5,0.3971595764160156,7166.61572265625,10508.267578125,0.003642,0.00012595249999999998,0.0015114299999999998
2026-01-16T00:03:53.529523,0.0,44.8,0.3995819091796875,7168.23681640625,10510.896484375,0.0036,0.0001245,0.0014939999999999999
2026-01-16T00:08:54.556032,0.0,44.7,0.3988990783691406,7168.43994140625,10512.373046875,0.0036,0.0001245,0.0014939999999999999
2026-01-16T00:13:55.580809,0.0,44.7,0.3991127014160156,7168.43994140625,10512.974609375,0.0036,0.0001245,0.0014939999999999999
2026-01-16T00:18:56.605588,0.0,44.8,0.3995323181152344,7168.43994140625,10514.017578125,0.0036,0.0001245,0.0014939999999999999
2026-01-16T00:23:57.630439,0.0,44.9,0.40067291259765625,7168.43994140625,10515.048828125,0.0036,0.0001245,0.0014939999999999999
2026-01-16T00:28:58.655417,0.0,45.0,0.4018402099609375,7168.43994140625,10515.759765625,0.0036,0.0001245,0.0014939999999999999
2026-01-16T00:33:59.680424,0.0,45.0,0.4020195007324219,7168.43994140625,10516.544921875,0.0036,0.0001245,0.0014939999999999999
2026-01-16T00:39:00.705374,0.0,45.0,0.4019660949707031,7168.43994140625,10517.224609375,0.0036,0.0001245,0.0014939999999999999
2026-01-16T00:44:01.749481,0.0,45.0,0.4019279479980469,7168.43994140625,10518.072265625,0.0036,0.0001245,0.0014939999999999999
2026-01-16T00:49:02.774641,0.5,45.0,0.40213775634765625,7168.43994140625,10518.638671875,0.003642,0.00012595249999999998,0.0015114299999999998
2026-01-16T00:54:03.799550,0.0,45.1,0.40282440185546875,7168.43994140625,10519.255859375,0.0036,0.0001245,0.0014939999999999999
2026-01-16T00:59:04.824426,0.0,45.1,0.402801513671875,7168.43994140625,10519.857421875,0.0036,0.0001245,0.0014939999999999999
2026-01-16T01:04:05.849322,0.0,45.1,0.40277099609375,7168.43994140625,10520.412109375,0.0036,0.0001245,0.0014939999999999999
2026-01-16T01:09:06.875070,0.0,49.0,0.4370689392089844,7452.37353515625,10813.572265625,0.0036,0.0001245,0.0014939999999999999
2026-01-16T01:14:07.900461,0.0,47.9,0.4278564453125,7454.34228515625,10815.080078125,0.0036,0.0001245,0.0014939999999999999
2026-01-16T01:19:08.925553,0.0,48.0,0.4285316467285156,7454.34228515625,10815.900390625,0.0036,0.0001245,0.0014939999999999999
2026-01-16T01:24:09.950525,0.0,48.0,0.4284782409667969,7454.34228515625,10816.478515625,0.0036,0.0001245,0.0014939999999999999
2026-01-16T01:29:10.975335,0.0,47.2,0.4209632873535156,7454.34228515625,10817.240234375,0.0036,0.0001245,0.0014939999999999999
2026-01-16T01:34:12.000827,0.0,45.9,0.4101066589355469,7454.34228515625,10818.322265625,0.0036,0.0001245,0.0014939999999999999
2026-01-16T01:39:13.026475,0.0,45.6,0.4066734313964844,7454.34228515625,10819.294921875,0.0036,0.0001245,0.0014939999999999999
2026-01-16T01:44:14.051422,0.5,44.7,0.39920806884765625,7457.79541015625,10823.431640625,0.003642,0.00012595249999999998,0.0015114299999999998
2026-01-16T01:49:15.076315,0.0,44.6,0.3982505798339844,7457.79541015625,10824.208984375,0.0036,0.0001245,0.0014939999999999999
2026-01-16T01:54:16.101329,0.0,44.5,0.3976860046386719,7457.79541015625,10824.908203125,0.0036,0.0001245,0.0014939999999999999
2026-01-16T01:59:17.127345,0.0,44.3,0.39544677734375,7457.91259765625,10825.802734375,0.0036,0.0001245,0.0014939999999999999
2026-01-16T02:04:18.152455,0.0,44.2,0.39470672607421875,7457.91259765625,10826.650390625,0.0036,0.0001245,0.0014939999999999999
2026-01-16T02:09:19.177624,0.0,44.4,0.3961677551269531,7457.91259765625,10827.689453125,0.0036,0.0001245,0.0014939999999999999
2026-01-16T02:14:20.202919,0.0,44.2,0.3949394226074219,7457.91259765625,10828.482421875,0.0036,0.0001245,0.0014939999999999999
2026-01-16T02:19:21.228329,0.0,44.5,0.3969879150390625,7457.91650390625,10832.697265625,0.0036,0.0001245,0.0014939999999999999
2026-01-16T02:24:22.253710,0.0,44.4,0.3966636657714844,7457.91650390625,10833.498046875,0.0036,0.0001245,0.0014939999999999999
2026-01-16T02:29:23.278765,0.0,44.5,0.39711761474609375,7457.91650390625,10834.041015625,0.0036,0.0001245,0.0014939999999999999
2026-01-16T02:34:24.303868,0.0,44.4,0.39598846435546875,7457.91650390625,10835.189453125,0.0036,0.0001245,0.0014939999999999999
2026-01-16T02:39:25.329009,0.0,44.4,0.39627838134765625,7457.91650390625,10836.208984375,0.0036,0.0001245,0.0014939999999999999
2026-01-16T02:44:26.354189,0.0,44.4,0.396759033203125,7457.91650390625,10837.017578125,0.0036,0.0001245,0.0014939999999999999
2026-01-16T02:49:27.379350,0.0,44.5,0.3976325988769531,7457.91650390625,10838.166015625,0.0036,0.0001245,0.0014939999999999999
2026-01-16T02:54:28.404417,0.0,44.5,0.39719390869140625,7457.91650390625,10838.974609375,0.0036,0.0001245,0.0014939999999999999
2026-01-16T02:59:29.429470,0.0,44.3,0.39572906494140625,7457.91650390625,10839.943359375,0.0036,0.0001245,0.0014939999999999999
2026-01-16T03:04:30.455229,0.0,44.2,0.3949127197265625,7457.91650390625,10840.705078125,0.0036,0.0001245,0.0014939999999999999
2026-01-16T03:09:31.480743,0.0,44.4,0.3960762023925781,7457.91650390625,10841.904296875,0.0036,0.0001245,0.0014939999999999999
2026-01-16T03:14:32.505921,0.0,44.4,0.3964958190917969,7457.91650390625,10842.857421875,0.0036,0.0001245,0.0014939999999999999
2026-01-16T03:19:33.531411,0.0,44.6,0.3978843688964844,7457.91650390625,10847.009765625,0.0036,0.0001245,0.0014939999999999999
2026-01-16T03:24:34.556622,0.5,44.6,0.3977622985839844,7457.91650390625,10847.669921875,0.003642,0.00012595249999999998,0.0015114299999999998
2026-01-16T03:29:35.582013,0.0,44.4,0.3966026306152344,7457.91650390625,10848.556640625,0.0036,0.0001245,0.0014939999999999999
2026-01-16T03:34:36.608018,0.0,44.2,0.3949394226074219,7457.91650390625,10849.392578125,0.0036,0.0001245,0.0014939999999999999
2026-01-16T03:39:37.634472,0.0,44.5,0.397247314453125,7457.91650390625,10850.220703125,0.0036,0.0001245,0.0014939999999999999
2026-01-16T03:44:38.659685,0.0,44.3,0.39585113525390625,7457.92431640625,10851.033203125,0.0036,0.0001245,0.0014939999999999999
2026-01-16T03:49:39.685825,0.0,44.2,0.39470672607421875,7457.92431640625,10851.771484375,0.0036,0.0001245,0.0014939999999999999
2026-01-16T03:54:40.710828,0.0,44.5,0.3975486755371094,7457.92431640625,10852.771484375,0.0036,0.0001245,0.0014939999999999999
2026-01-16T03:59:41.736211,0.0,44.3,0.3953895568847656,7457.92431640625,10853.591796875,0.0036,0.0001245,0.0014939999999999999
2026-01-16T04:04:42.761508,0.0,44.3,0.39583587646484375,7457.92431640625,10854.576171875,0.0036,0.0001245,0.0014939999999999999
2026-01-16T04:09:43.786859,0.0,44.4,0.3965721130371094,7457.92431640625,10855.720703125,0.0036,0.0001245,0.0014939999999999999
2026-01-16T04:14:44.812621,0.0,44.4,0.39641571044921875,7457.92431640625,10856.486328125,0.0036,0.0001245,0.0014939999999999999
2026-01-16T04:19:45.838568,0.0,44.5,0.3972740173339844,7457.92431640625,10857.482421875,0.0036,0.0001245,0.0014939999999999999
2026-01-16T04:24:46.863935,0.0,44.4,0.3961181640625,7457.92431640625,10858.849609375,0.0036,0.0001245,0.0014939999999999999
2026-01-16T04:29:47.889521,0.0,44.5,0.3970451354980469,7457.92431640625,10859.388671875,0.0036,0.0001245,0.0014939999999999999
2026-01-16T04:34:48.915585,0.0,44.3,0.3957405090332031,7457.92431640625,10860.146484375,0.0036,0.0001245,0.0014939999999999999
2026-01-16T04:39:49.941225,0.0,44.2,0.39493560791015625,7457.92431640625,10861.025390625,0.0036,0.0001245,0.0014939999999999999
2026-01-16T04:44:50.966694,0.0,44.3,0.3954505920410156,7457.92431640625,10861.732421875,0.0036,0.0001245,0.0014939999999999999
2026-01-16T04:49:51.992194,0.0,44.4,0.39664459228515625,7457.92431640625,10863.029296875,0.0036,0.0001245,0.0014939999999999999
2026-01-16T04:54:53.017910,0.0,44.8,0.3997344970703125,7457.92431640625,10864.052734375,0.0036,0.0001245,0.0014939999999999999
2026-01-16T04:59:54.044364,0.0,44.2,0.3950538635253906,7457.92431640625,10865.041015625,0.0036,0.0001245,0.0014939999999999999
2026-01-16T05:04:55.085131,0.0,44.5,0.3974151611328125,7457.92431640625,10865.638671875,0.0036,0.0001245,0.0014939999999999999
2026-01-16T05:09:56.110659,0.0,44.6,0.39810943603515625,7457.92431640625,10866.228515625,0.0036,0.0001245,0.0014939999999999999
2026-01-16T05:14:57.136044,0.5,44.4,0.39646148681640625,7457.92431640625,10867.130859375,0.003642,0.00012595249999999998,0.0015114299999999998
2026-01-16T05:19:58.161725,0.0,44.6,0.3983192443847656,7457.92431640625,10868.357421875,0.0036,0.0001245,0.0014939999999999999
2026-01-16T05:24:59.187558,0.0,44.3,0.3958740234375,7457.92431640625,10869.193359375,0.0036,0.0001245,0.0014939999999999999
2026-01-16T05:30:00.214424,0.0,44.5,0.39752960205078125,7457.92431640625,10869.736328125,0.0036,0.0001245,0.0014939999999999999
2026-01-16T05:35:01.295453,3.5,44.4,0.395965576171875,7457.92431640625,10870.509765625,0.003894,0.0001346675,0.00161601
2026-01-16T05:40:02.337197,0.0,44.3,0.3956794738769531,7457.92431640625,10871.349609375,0.0036,0.0001245,0.0014939999999999999
2026-01-16T05:45:03.363506,0.0,44.7,0.3989906311035156,7457.92431640625,10872.212890625,0.0036,0.0001245,0.0014939999999999999
2026-01-16T05:50:04.389555,0.0,44.3,0.3953704833984375,7457.92431640625,10873.451171875,0.0036,0.0001245,0.0014939999999999999
2026-01-16T05:55:05.415396,0.0,44.9,0.4006309509277344,7457.92431640625,10874.037109375,0.0036,0.0001245,0.0014939999999999999
2026-01-16T06:00:06.441240,0.0,44.5,0.3973045349121094,7457.92431640625,10875.064453125,0.0036,0.0001245,0.0014939999999999999
2026-01-16T06:05:07.467389,0.0,44.6,0.39776611328125,7457.92431640625,10875.974609375,0.0036,0.0001245,0.0014939999999999999
2026-01-16T06:10:08.495567,0.0,44.3,0.39527130126953125,7457.92431640625,10876.712890625,0.0036,0.0001245,0.0014939999999999999
2026-01-16T06:15:09.521285,0.5,44.5,0.3969612121582031,7457.92431640625,10878.146484375,0.003642,0.00012595249999999998,0.0015114299999999998
2026-01-16T06:20:10.547370,0.0,44.5,0.39740753173828125,7457.92431640625,10879.017578125,0.0036,0.0001245,0.0014939999999999999
2026-01-16T06:25:11.573039,0.5,44.7,0.3987312316894531,7457.93603515625,10879.853515625,0.003642,0.00012595249999999998,0.0015114299999999998
2026-01-16T06:30:12.598753,0.0,44.3,0.3953361511230469,7457.93603515625,10880.771484375,0.0036,0.0001245,0.0014939999999999999
2026-01-16T06:35:13.624821,0.0,44.7,0.3988990783691406,7457.93603515625,10881.345703125,0.0036,0.0001245,0.0014939999999999999
2026-01-16T06:40:14.651021,0.0,44.7,0.3988685607910156,7457.93603515625,10882.099609375,0.0036,0.0001245,0.0014939999999999999
2026-01-16T06:45:15.676847,0.0,50.1,0.4470367431640625,7458.44775390625,10883.134765625,0.0036,0.0001245,0.0014939999999999999
2026-01-16T06:50:16.702762,0.0,50.1,0.44701385498046875,7458.44775390625,10883.681640625,0.0036,0.0001245,0.0014939999999999999
2026-01-16T06:55:17.728743,0.0,50.0,0.4467201232910156,7458.44775390625,10884.291015625,0.0036,0.0001245,0.0014939999999999999
2026-01-16T07:00:18.754754,0.0,49.2,0.4389839172363281,7458.44775390625,10885.138671875,0.0036,0.0001245,0.0014939999999999999
2026-01-16T07:05:19.780567,0.0,49.2,0.439178466796875,7458.44775390625,10886.072265625,0.0036,0.0001245,0.0014939999999999999
2026-01-16T07:10:20.806244,0.0,44.4,0.3965492248535156,7458.44775390625,10889.990234375,0.0036,0.0001245,0.0014939999999999999
2026-01-16T07:15:21.832018,0.0,44.7,0.3991661071777344,7458.44775390625,10890.791015625,0.0036,0.0001245,0.0014939999999999999
2026-01-16T07:20:22.857983,0.0,44.9,0.4005622863769531,7458.44775390625,10892.130859375,0.0036,0.0001245,0.0014939999999999999
2026-01-16T07:25:23.885128,0.0,44.9,0.4005241394042969,7458.44775390625,10892.498046875,0.0036,0.0001245,0.0014939999999999999
2026-01-16T07:30:24.910892,0.0,44.8,0.4003791809082031,7458.44775390625,10893.236328125,0.0036,0.0001245,0.0014939999999999999
2026-01-16T07:35:25.936719,0.0,44.8,0.40035247802734375,7458.44775390625,10894.052734375,0.0036,0.0001245,0.0014939999999999999
2026-01-16T07:40:26.962724,0.0,44.9,0.4012794494628906,7458.44775390625,10894.365234375,0.0036,0.0001245,0.0014939999999999999
2026-01-16T07:45:27.988641,0.0,45.0,0.4015007019042969,7458.44775390625,10895.212890625,0.0036,0.0001245,0.0014939999999999999
2026-01-16T07:50:29.014692,0.0,45.0,0.4014778137207031,7458.44775390625,10895.529296875,0.0036,0.0001245,0.0014939999999999999
2026-01-16T07:55:30.043031,0.0,45.0,0.40169525146484375,7458.44775390625,10896.322265625,0.0036,0.0001245,0.0014939999999999999
2026-01-16T08:00:31.068927,0.0,45.0,0.40164947509765625,7458.44775390625,10896.943359375,0.0036,0.0001245,0.0014939999999999999
2026-01-16T08:05:32.095019,0.0,45.0,0.4016265869140625,7458.44775390625,10897.861328125,0.0036,0.0001245,0.0014939999999999999
2026-01-16T08:10:33.120844,0.0,45.0,0.40158843994140625,7458.44775390625,10898.416015625,0.0036,0.0001245,0.0014939999999999999
2026-01-16T08:15:34.146645,0.0,45.0,0.4018058776855469,7458.44775390625,10898.978515625,0.0036,0.0001245,0.0014939999999999999
2026-01-16T08:20:35.172521,0.0,45.2,0.4034538269042969,7458.44775390625,10899.603515625,0.0036,0.0001245,0.0014939999999999999
2026-01-16T08:25:36.199207,0.0,45.2,0.4034156799316406,7458.44775390625,10900.466796875,0.0036,0.0001245,0.0014939999999999999
2026-01-16T08:30:37.225365,0.0,45.2,0.403839111328125,7458.44775390625,10901.314453125,0.0036,0.0001245,0.0014939999999999999
2026-01-16T08:35:38.251713,0.0,45.3,0.4040718078613281,7458.44775390625,10901.884765625,0.0036,0.0001245,0.0014939999999999999
2026-01-16T08:40:39.277611,0.5,45.3,0.4040412902832031,7458.44775390625,10902.197265625,0.003642,0.00012595249999999998,0.0015114299999999998
2026-01-16T08:45:40.304011,0.0,45.3,0.4042549133300781,7458.44775390625,10903.041015625,0.0036,0.0001245,0.0014939999999999999
2026-01-16T08:50:41.330268,0.0,45.3,0.40422821044921875,7458.44775390625,10903.369140625,0.0036,0.0001245,0.0014939999999999999
2026-01-16T08:55:42.356132,0.0,45.3,0.40444183349609375,7458.44775390625,10904.330078125,0.0036,0.0001245,0.0014939999999999999
2026-01-16T09:00:43.382536,0.0,45.5,0.4060859680175781,7458.44775390625,10904.697265625,0.0036,0.0001245,0.0014939999999999999
2026-01-16T09:05:44.409496,0.5,45.5,0.4060707092285156,7458.44775390625,10905.541015625,0.003642,0.00012595249999999998,0.0015114299999999998
2026-01-16T09:10:45.435857,0.5,45.5,0.406280517578125,7458.44775390625,10905.849609375,0.003642,0.00012595249999999998,0.0015114299999999998
2026-01-16T09:15:46.462043,0.0,45.6,0.407470703125,7458.44775390625,10906.666015625,0.0036,0.0001245,0.0014939999999999999
2026-01-16T09:20:47.489230,0.0,45.6,0.4074287414550781,7458.44775390625,10907.271484375,0.0036,0.0001245,0.0014939999999999999
2026-01-16T09:25:48.515375,0.0,45.6,0.4073829650878906,7458.44775390625,10908.603515625,0.0036,0.0001245,0.0014939999999999999
2026-01-16T09:30:49.541402,0.5,45.6,0.4073524475097656,7458.44775390625,10908.931640625,0.003642,0.00012595249999999998,0.0015114299999999998
2026-01-16T09:35:50.567562,0.0,45.6,0.4073371887207031,7458.44775390625,10909.748046875,0.0036,0.0001245,0.0014939999999999999
2026-01-16T09:40:51.593850,0.0,45.6,0.40728759765625,7458.44775390625,10910.373046875,0.0036,0.0001245,0.0014939999999999999
2026-01-16T09:45:52.620032,0.0,45.6,0.407257080078125,7458.44775390625,10910.958984375,0.0036,0.0001245,0.0014939999999999999
2026-01-16T09:50:53.646465,0.0,45.6,0.4072303771972656,7458.44775390625,10911.626953125,0.0036,0.0001245,0.0014939999999999999
2026-01-16T09:55:54.685125,0.0,45.6,0.4072074890136719,7458.44775390625,10912.208984375,0.0036,0.0001245,0.0014939999999999999
2026-01-16T10:00:55.711446,0.0,45.6,0.4071693420410156,7458.44775390625,10912.857421875,0.0036,0.0001245,0.0014939999999999999
2026-01-16T10:05:56.738031,0.0,45.6,0.4071464538574219,7458.44775390625,10913.423828125,0.0036,0.0001245,0.0014939999999999999
2026-01-16T10:10:57.764310,0.0,45.6,0.4071235656738281,7458.44775390625,10913.994140625,0.0036,0.0001245,0.0014939999999999999
2026-01-16T10:15:58.790673,0.0,45.6,0.4071006774902344,7458.44775390625,10914.556640625,0.0036,0.0001245,0.0014939999999999999
2026-01-16T10:20:59.817314,0.5,45.6,0.4070549011230469,7458.44775390625,10915.494140625,0.003642,0.00012595249999999998,0.0015114299999999998
2026-01-16T10:26:00.843643,0.0,45.6,0.4070243835449219,7458.44775390625,10916.111328125,0.0036,0.0001245,0.0014939999999999999
2026-01-16T10:31:01.881389,0.0,45.6,0.4069976806640625,7458.44775390625,10916.708984375,0.0036,0.0001245,0.0014939999999999999
2026-01-16T10:36:02.910082,0.0,45.6,0.406982421875,7458.44775390625,10917.287109375,0.0036,0.0001245,0.0014939999999999999
2026-01-16T10:41:03.936885,0.0,45.6,0.4069404602050781,7458.44775390625,10917.845703125,0.0036,0.0001245,0.0014939999999999999
2026-01-16T10:46:04.963581,0.0,45.6,0.4073944091796875,7458.44775390625,10918.732421875,0.0036,0.0001245,0.0014939999999999999
2026-01-16T10:51:05.989868,0.0,45.5,0.4058799743652344,7458.44775390625,10919.767578125,0.0036,0.0001245,0.0014939999999999999
2026-01-16T10:56:07.016307,0.0,44.7,0.3987464904785156,7458.44775390625,10921.884765625,0.0036,0.0001245,0.0014939999999999999
2026-01-16T11:01:08.042435,0.0,44.7,0.3989448547363281,7458.44775390625,10922.537109375,0.0036,0.0001245,0.0014939999999999999
2026-01-16T11:06:09.068269,0.0,44.7,0.3991584777832031,7458.44775390625,10923.134765625,0.0036,0.0001245,0.0014939999999999999
2026-01-16T11:11:10.095652,0.0,44.8,0.4000968933105469,7458.44775390625,10923.705078125,0.0036,0.0001245,0.0014939999999999999
2026-01-16T11:16:11.122580,0.0,44.8,0.4000663757324219,7458.44775390625,10924.271484375,0.0036,0.0001245,0.0014939999999999999
2026-01-16T11:21:12.148661,0.0,44.9,0.4007453918457031,7458.44775390625,10925.244140625,0.0036,0.0001245,0.0014939999999999999
2026-01-16T11:26:13.174952,0.5,45.1,0.40238189697265625,7458.44775390625,10926.150390625,0.003642,0.00012595249999999998,0.0015114299999999998
2026-01-16T11:31:14.201589,0.0,46.5,0.41544342041015625,7566.68603515625,11019.876953125,0.0036,0.0001245,0.0014939999999999999
2026-01-16T11:36:15.228616,0.0,46.5,0.41538238525390625,7566.68603515625,11020.791015625,0.0036,0.0001245,0.0014939999999999999
2026-01-16T11:41:16.255657,0.0,46.5,0.4153480529785156,7566.68603515625,11021.365234375,0.0036,0.0001245,0.0014939999999999999
2026-01-16T11:46:17.282305,0.0,46.5,0.4153251647949219,7566.68603515625,11021.966796875,0.0036,0.0001245,0.0014939999999999999
2026-01-16T11:51:18.309375,0.0,44.8,0.3997688293457031,7566.68603515625,11023.228515625,0.0036,0.0001245,0.0014939999999999999
2026-01-16T11:56:19.336021,0.0,44.8,0.39957427978515625,7566.68603515625,11025.087890625,0.0036,0.0001245,0.0014939999999999999
2026-01-16T12:01:20.363154,0.0,44.8,0.4002532958984375,7566.68603515625,11025.748046875,0.0036,0.0001245,0.0014939999999999999
2026-01-16T12:06:21.389685,0.0,44.9,0.4004783630371094,7566.68603515625,11026.357421875,0.0036,0.0001245,0.0014939999999999999
2026-01-16T12:11:22.416389,0.0,44.9,0.4004402160644531,7566.68603515625,11026.947265625,0.0036,0.0001245,0.0014939999999999999
2026-01-16T12:16:23.443036,0.0,44.8,0.4003868103027344,7566.68603515625,11027.755859375,0.0036,0.0001245,0.0014939999999999999
2026-01-16T12:21:24.469678,0.0,45.0,0.4014320373535156,7566.68603515625,11028.630859375,0.0036,0.0001245,0.0014939999999999999
2026-01-16T12:26:25.496424,0.0,45.0,0.4013938903808594,7566.68603515625,11029.267578125,0.0036,0.0001245,0.0014939999999999999
2026-01-16T12:31:26.523308,0.0,45.0,0.40135955810546875,7566.68603515625,11029.884765625,0.0036,0.0001245,0.0014939999999999999
2026-01-16T12:36:27.554940,0.0,45.0,0.40132904052734375,7566.68603515625,11030.458984375,0.0036,0.0001245,0.0014939999999999999
2026-01-16T12:41:28.581682,0.0,48.8,0.43572235107421875,7570.39306640625,11046.701171875,0.0036,0.0001245,0.0014939999999999999
2026-01-16T12:46:29.608749,0.0,48.8,0.4356727600097656,7570.39306640625,11047.541015625,0.0036,0.0001245,0.0014939999999999999
2026-01-16T12:51:30.637561,0.0,44.8,0.3995475769042969,7570.39306640625,11049.380859375,0.0036,0.0001245,0.0014939999999999999
2026-01-16T12:56:31.664626,0.0,44.9,0.4012031555175781,7570.39306640625,11050.162109375,0.0036,0.0001245,0.0014939999999999999
2026-01-16T13:01:32.692451,0.0,45.1,0.40285491943359375,7570.39306640625,11050.830078125,0.0036,0.0001245,0.0014939999999999999
2026-01-16T13:06:33.718952,0.0,45.1,0.40280914306640625,7570.39306640625,11051.615234375,0.0036,0.0001245,0.0014939999999999999
2026-01-16T13:11:34.746069,0.0,45.1,0.40277099609375,7570.39306640625,11052.337890625,0.0036,0.0001245,0.0014939999999999999
2026-01-16T13:16:35.773128,0.0,45.1,0.40273284912109375,7570.39306640625,11052.935546875,0.0036,0.0001245,0.0014939999999999999
2026-01-16T13:21:36.799865,0.0,45.2,0.4034271240234375,7570.39306640625,11053.791015625,0.0036,0.0001245,0.0014939999999999999
2026-01-16T13:26:37.827752,0.0,45.3,0.4041175842285156,7570.39306640625,11054.482421875,0.0036,0.0001245,0.0014939999999999999
2026-01-16T13:31:38.854999,0.5,45.3,0.40431976318359375,7570.39306640625,11055.107421875,0.003642,0.00012595249999999998,0.0015114299999999998
2026-01-16T13:36:39.882580,0.0,45.3,0.40427398681640625,7570.39306640625,11055.904296875,0.0036,0.0001245,0.0014939999999999999
2026-01-16T13:41:40.909711,0.0,45.3,0.40473175048828125,7570.39306640625,11056.490234375,0.0036,0.0001245,0.0014939999999999999
2026-01-16T13:46:41.936803,0.0,45.3,0.4047088623046875,7570.39306640625,11057.072265625,0.0036,0.0001245,0.0014939999999999999
2026-01-16T13:51:42.963757,0.0,45.3,0.4046669006347656,7570.39306640625,11057.705078125,0.0036,0.0001245,0.0014939999999999999
2026-01-16T13:56:43.991060,0.0,45.4,0.4051246643066406,7570.39306640625,11058.271484375,0.0036,0.0001245,0.0014939999999999999
2026-01-16T14:01:45.042812,0.0,45.7,0.4078788757324219,7570.96728515625,11059.259765625,0.0036,0.0001245,0.0014939999999999999
2026-01-16T14:06:46.069995,0.0,45.7,0.4080772399902344,7570.96728515625,11060.103515625,0.0036,0.0001245,0.0014939999999999999
2026-01-16T14:11:47.097050,0.0,45.7,0.40804290771484375,7570.96728515625,11060.712890625,0.0036,0.0001245,0.0014939999999999999
2026-01-16T14:16:48.123736,0.0,45.7,0.40801239013671875,7570.96728515625,11061.294921875,0.0036,0.0001245,0.0014939999999999999
2026-01-16T14:21:49.150364,0.0,45.8,0.4087028503417969,7570.96728515625,11062.451171875,0.0036,0.0001245,0.0014939999999999999
2026-01-16T14:26:50.177385,0.0,45.8,0.40868377685546875,7570.96728515625,11063.080078125,0.0036,0.0001245,0.0014939999999999999
2026-01-16T14:31:51.204230,0.0,45.7,0.4083824157714844,7570.96728515625,11063.904296875,0.0036,0.0001245,0.0014939999999999999
2026-01-16T14:36:52.230985,0.0,44.5,0.39766693115234375,7570.96728515625,11064.990234375,0.0036,0.0001245,0.0014939999999999999
2026-01-16T14:41:53.257613,0.0,44.6,0.3981781005859375,7570.96728515625,11065.931640625,0.0036,0.0001245,0.0014939999999999999
2026-01-16T14:46:54.284819,0.0,44.5,0.3974113464355469,7570.96728515625,11067.130859375,0.0036,0.0001245,0.0014939999999999999
2026-01-16T14:51:55.312551,0.0,44.7,0.39902496337890625,7570.96728515625,11067.951171875,0.0036,0.0001245,0.0014939999999999999
2026-01-16T14:56:56.341117,0.0,44.9,0.4004402160644531,7570.96728515625,11068.529296875,0.0036,0.0001245,0.0014939999999999999
2026-01-16T15:01:57.368681,0.0,45.0,0.40193939208984375,7571.16357421875,11069.611328125,0.0036,0.0001245,0.0014939999999999999
2026-01-16T15:06:58.395579,0.0,45.1,0.4026222229003906,7571.16357421875,11070.517578125,0.0036,0.0001245,0.0014939999999999999
2026-01-16T15:11:59.423354,0.0,45.5,0.40642547607421875,7571.16357421875,11071.158203125,0.0036,0.0001245,0.0014939999999999999
2026-01-16T15:17:00.458111,0.0,45.5,0.406402587890625,7571.16357421875,11071.740234375,0.0036,0.0001245,0.0014939999999999999
2026-01-16T15:22:01.499907,0.0,45.5,0.40636444091796875,7571.16357421875,11072.595703125,0.0036,0.0001245,0.0014939999999999999
2026-01-16T15:27:02.542942,0.0,45.5,0.40633392333984375,7571.16357421875,11073.212890625,0.0036,0.0001245,0.0014939999999999999
2026-01-16T15:32:03.572839,0.0,45.5,0.40628814697265625,7571.16357421875,11073.994140625,0.0036,0.0001245,0.0014939999999999999
2026-01-16T15:37:04.600044,0.0,45.5,0.4062652587890625,7571.16357421875,11074.548828125,0.0036,0.0001245,0.0014939999999999999
2026-01-16T15:42:05.627256,0.0,45.5,0.4062347412109375,7571.16357421875,11075.150390625,0.0036,0.0001245,0.0014939999999999999
2026-01-16T15:47:06.654459,0.0,47.3,0.4223747253417969,7577.20654296875,11076.314453125,0.0036,0.0001245,0.0014939999999999999
2026-01-16T15:52:07.682921,0.0,47.3,0.422332763671875,7577.20654296875,11076.947265625,0.0036,0.0001245,0.0014939999999999999
2026-01-16T15:57:08.710599,0.0,47.3,0.42230987548828125,7577.20654296875,11077.552734375,0.0036,0.0001245,0.0014939999999999999
2026-01-16T16:02:09.737923,0.0,47.3,0.4222679138183594,7577.20654296875,11078.458984375,0.0036,0.0001245,0.0014939999999999999
2026-01-16T16:07:10.764954,0.0,47.3,0.4222297668457031,7577.20654296875,11079.119140625,0.0036,0.0001245,0.0014939999999999999
2026-01-16T16:12:11.792396,0.0,47.3,0.422210693359375,7577.20654296875,11079.728515625,0.0036,0.0001245,0.0014939999999999999
2026-01-16T16:17:12.819923,0.5,47.3,0.42215728759765625,7577.20654296875,11080.345703125,0.003642,0.00012595249999999998,0.0015114299999999998
2026-01-16T16:22:13.847047,0.0,47.3,0.4221229553222656,7577.20654296875,11081.224609375,0.0036,0.0001245,0.0014939999999999999
2026-01-16T16:27:14.874373,0.0,47.3,0.4219627380371094,7577.20654296875,11082.001953125,0.0036,0.0001245,0.0014939999999999999
2026-01-16T16:32:15.901850,0.0,47.3,0.4219207763671875,7577.20654296875,11082.908203125,0.0036,0.0001245,0.0014939999999999999
2026-01-16T16:37:16.929393,0.0,47.4,0.4230995178222656,7577.20654296875,11083.486328125,0.0036,0.0001245,0.0014939999999999999
2026-01-16T16:42:17.956714,0.0,47.4,0.4230766296386719,7577.20654296875,11084.068359375,0.0036,0.0001245,0.0014939999999999999
2026-01-16T16:47:18.984151,0.0,47.4,0.4230537414550781,7577.20654296875,11084.650390625,0.0036,0.0001245,0.0014939999999999999
2026-01-16T16:52:20.011837,0.0,47.4,0.4232597351074219,7577.20654296875,11085.380859375,0.0036,0.0001245,0.0014939999999999999
2026-01-16T16:57:21.039355,0.0,47.5,0.4244270324707031,7577.20654296875,11085.998046875,0.0036,0.0001245,0.0014939999999999999
2026-01-16T17:02:22.066775,0.0,47.5,0.42437744140625,7577.20654296875,11086.693359375,0.0036,0.0001245,0.0014939999999999999
2026-01-16T17:07:23.094022,0.0,47.5,0.42435455322265625,7577.20654296875,11087.248046875,0.0036,0.0001245,0.0014939999999999999
2026-01-16T17:12:24.129331,0.0,47.5,0.4243202209472656,7577.20654296875,11087.884765625,0.0036,0.0001245,0.0014939999999999999
2026-01-16T17:17:25.158242,0.0,47.5,0.424285888671875,7577.20654296875,11088.673828125,0.0036,0.0001245,0.0014939999999999999
2026-01-16T17:22:26.185434,0.0,47.5,0.4242591857910156,7577.20654296875,11089.517578125,0.0036,0.0001245,0.0014939999999999999
2026-01-16T17:27:27.212846,0.0,47.5,0.4242362976074219,7577.20654296875,11090.126953125,0.0036,0.0001245,0.0014939999999999999
2026-01-16T17:32:28.239657,0.0,47.5,0.42420196533203125,7577.20654296875,11090.779296875,0.0036,0.0001245,0.0014939999999999999
2026-01-16T17:37:29.267380,0.0,47.5,0.424163818359375,7577.20654296875,11091.533203125,0.0036,0.0001245,0.0014939999999999999
2026-01-16T17:42:30.294586,0.0,47.5,0.42413330078125,7577.20654296875,11092.138671875,0.0036,0.0001245,0.0014939999999999999
2026-01-16T17:47:31.322085,0.0,47.5,0.4240913391113281,7577.20654296875,11092.962890625,0.0036,0.0001245,0.0014939999999999999
2026-01-16T17:52:32.352317,0.0,47.5,0.42404937744140625,7577.20654296875,11093.595703125,0.0036,0.0001245,0.0014939999999999999
2026-01-16T17:57:33.379482,0.0,47.5,0.4240303039550781,7577.20654296875,11094.181640625,0.0036,0.0001245,0.0014939999999999999
2026-01-16T18:02:34.407180,0.0,47.5,0.42398834228515625,7577.20654296875,11094.873046875,0.0036,0.0001245,0.0014939999999999999
2026-01-16T18:07:35.434944,0.0,47.5,0.423980712890625,7577.20654296875,11095.435546875,0.0036,0.0001245,0.0014939999999999999
2026-01-16T18:12:36.462268,0.0,47.5,0.4239387512207031,7577.20654296875,11096.060546875,0.0036,0.0001245,0.0014939999999999999
2026-01-16T18:17:37.503236,0.0,47.5,0.42412567138671875,7577.20654296875,11097.154296875,0.0036,0.0001245,0.0014939999999999999
2026-01-16T18:22:38.531303,0.0,47.5,0.4240837097167969,7577.20654296875,11098.029296875,0.0036,0.0001245,0.0014939999999999999
2026-01-16T18:27:39.561285,0.0,47.5,0.4240570068359375,7577.20654296875,11098.611328125,0.0036,0.0001245,0.0014939999999999999
2026-01-16T18:32:40.589421,0.0,47.5,0.4239959716796875,7577.20654296875,11099.302734375,0.0036,0.0001245,0.0014939999999999999
2026-01-16T18:37:41.616611,0.5,47.5,0.4239654541015625,7577.20654296875,11099.908203125,0.003642,0.00012595249999999998,0.0015114299999999998
2026-01-16T18:42:42.644499,0.0,47.5,0.42392730712890625,7577.20654296875,11100.712890625,0.0036,0.0001245,0.0014939999999999999
2026-01-16T18:47:43.675501,0.0,47.5,0.42388153076171875,7577.20654296875,11101.580078125,0.0036,0.0001245,0.0014939999999999999
2026-01-16T18:52:44.703203,0.0,48.5,0.43337249755859375,7578.75341796875,11102.880859375,0.0036,0.0001245,0.0014939999999999999
2026-01-16T18:57:45.731133,0.0,47.7,0.42565155029296875,7578.75341796875,11103.541015625,0.0036,0.0001245,0.0014939999999999999
2026-01-16T19:02:46.758798,0.0,47.7,0.42568206787109375,7579.42138671875,11104.638671875,0.0036,0.0001245,0.0014939999999999999
2026-01-16T19:07:47.787013,0.0,47.7,0.4255638122558594,7579.62255859375,11105.513671875,0.0036,0.0001245,0.0014939999999999999
2026-01-16T19:12:48.815213,0.0,47.7,0.4255332946777344,7579.62255859375,11106.162109375,0.0036,0.0001245,0.0014939999999999999
2026-01-16T19:17:49.842805,0.0,47.6,0.42537689208984375,7579.63818359375,11107.228515625,0.0036,0.0001245,0.0014939999999999999
2026-01-16T19:22:50.870718,0.0,47.6,0.42535400390625,7579.63818359375,11107.861328125,0.0036,0.0001245,0.0014939999999999999
2026-01-16T19:27:51.899361,0.0,47.6,0.42531585693359375,7579.63818359375,11108.451171875,0.0036,0.0001245,0.0014939999999999999
2026-01-16T19:32:52.927378,0.0,47.6,0.4252815246582031,7579.63818359375,11109.158203125,0.0036,0.0001245,0.0014939999999999999
2026-01-16T19:37:53.955210,0.0,47.6,0.4252586364746094,7579.63818359375,11109.939453125,0.0036,0.0001245,0.0014939999999999999
2026-01-16T19:42:54.985292,0.5,47.7,0.42545318603515625,7579.63818359375,11110.775390625,0.003642,0.00012595249999999998,0.0015114299999999998
2026-01-16T19:47:56.013564,0.5,47.7,0.4254302978515625,7579.63818359375,11111.380859375,0.003642,0.00012595249999999998,0.0015114299999999998
2026-01-16T19:52:57.048712,0.5,47.6,0.4253959655761719,7579.63818359375,11112.005859375,0.003642,0.00012595249999999998,0.0015114299999999998
2026-01-16T19:57:58.076657,0.0,47.7,0.4256134033203125,7579.63818359375,11112.587890625,0.0036,0.0001245,0.0014939999999999999
2026-01-16T20:02:59.104846,0.0,47.7,0.4255714416503906,7579.63818359375,11113.462890625,0.0036,0.0001245,0.0014939999999999999
2026-01-16T20:08:00.164674,0.0,47.7,0.42549896240234375,7579.67333984375,11114.115234375,0.0036,0.0001245,0.0014939999999999999
2026-01-16T20:13:01.201230,0.0,47.7,0.4257049560546875,7579.67333984375,11115.025390625,0.0036,0.0001245,0.0014939999999999999
2026-01-16T20:18:02.253458,0.0,47.7,0.42565155029296875,7579.67333984375,11115.908203125,0.0036,0.0001245,0.0014939999999999999
2026-01-16T20:23:03.283012,0.0,47.7,0.425628662109375,7579.67333984375,11116.490234375,0.0036,0.0001245,0.0014939999999999999
2026-01-16T20:28:04.311611,0.0,47.7,0.4258308410644531,7579.67333984375,11117.220703125,0.0036,0.0001245,0.0014939999999999999
2026-01-16T20:33:05.340670,0.0,47.7,0.4257965087890625,7579.67333984375,11117.857421875,0.0036,0.0001245,0.0014939999999999999
2026-01-16T20:38:06.368591,0.0,47.7,0.4257545471191406,7579.67333984375,11118.466796875,0.0036,0.0001245,0.0014939999999999999
2026-01-16T20:43:07.396421,0.0,47.7,0.4257316589355469,7579.67333984375,11119.052734375,0.0036,0.0001245,0.0014939999999999999
2026-01-16T20:48:08.425023,0.0,47.0,0.4192695617675781,7579.67333984375,11119.744140625,0.0036,0.0001245,0.0014939999999999999
2026-01-16T20:53:09.452889,0.0,47.0,0.41924285888671875,7579.67333984375,11120.365234375,0.0036,0.0001245,0.0014939999999999999
2026-01-16T20:58:10.483998,0.0,47.0,0.4192047119140625,7579.67333984375,11121.150390625,0.0036,0.0001245,0.0014939999999999999
2026-01-16T21:03:11.512051,0.0,47.0,0.4191703796386719,7579.67333984375,11121.845703125,0.0036,0.0001245,0.0014939999999999999
2026-01-16T21:08:12.540745,0.0,46.9,0.41915130615234375,7579.67333984375,11122.423828125,0.0036,0.0001245,0.0014939999999999999
2026-01-16T21:13:13.568727,0.0,46.9,0.4191131591796875,7579.67333984375,11123.044921875,0.0036,0.0001245,0.0014939999999999999
2026-01-16T21:18:14.597137,0.0,47.0,0.41930389404296875,7579.67333984375,11124.126953125,0.0036,0.0001245,0.0014939999999999999
2026-01-16T21:23:15.626131,0.0,47.2,0.4209632873535156,7579.67333984375,11124.775390625,0.0036,0.0001245,0.0014939999999999999
2026-01-16T21:28:16.656612,0.0,47.2,0.421142578125,7579.67333984375,11125.599609375,0.0036,0.0001245,0.0014939999999999999
2026-01-16T21:33:17.714084,0.0,47.1,0.42038726806640625,7580.18896484375,11126.376953125,0.0036,0.0001245,0.0014939999999999999
2026-01-16T21:38:18.742315,0.0,45.5,0.40648651123046875,7580.18896484375,11127.095703125,0.0036,0.0001245,0.0014939999999999999
2026-01-16T21:43:19.770793,0.0,44.9,0.40108489990234375,7580.18896484375,11128.310546875,0.0036,0.0001245,0.0014939999999999999
2026-01-16T21:48:20.798942,0.0,45.0,0.4016532897949219,7580.18896484375,11128.931640625,0.0036,0.0001245,0.0014939999999999999
2026-01-16T21:53:21.827374,0.0,45.0,0.4015846252441406,7580.18896484375,11130.037109375,0.0036,0.0001245,0.0014939999999999999
2026-01-16T21:58:22.857046,0.0,45.0,0.4017906188964844,7580.18896484375,11130.630859375,0.0036,0.0001245,0.0014939999999999999
2026-01-16T22:03:23.885667,0.0,45.0,0.40175628662109375,7580.18896484375,11131.322265625,0.0036,0.0001245,0.0014939999999999999
2026-01-16T22:08:24.914007,0.0,45.0,0.4017181396484375,7580.18896484375,11131.912109375,0.0036,0.0001245,0.0014939999999999999
2026-01-16T22:13:25.942825,0.5,45.1,0.40240478515625,7580.18896484375,11132.806640625,0.003642,0.00012595249999999998,0.0015114299999999998
2026-01-16T22:18:26.970906,0.0,45.1,0.402587890625,7580.18896484375,11133.900390625,0.0036,0.0001245,0.0014939999999999999
2026-01-16T22:23:27.999268,0.0,45.2,0.4032745361328125,7580.18896484375,11134.580078125,0.0036,0.0001245,0.0014939999999999999
2026-01-16T22:28:29.027371,0.0,45.2,0.4032440185546875,7580.18896484375,11135.169921875,0.0036,0.0001245,0.0014939999999999999
2026-01-16T22:33:30.056517,0.0,45.2,0.40322113037109375,7580.18896484375,11135.775390625,0.0036,0.0001245,0.0014939999999999999
2026-01-16T22:38:31.084407,0.0,45.2,0.40319061279296875,7580.18896484375,11136.345703125,0.0036,0.0001245,0.0014939999999999999
2026-01-16T22:43:32.112430,0.0,45.2,0.4031562805175781,7580.18896484375,11136.986328125,0.0036,0.0001245,0.0014939999999999999
2026-01-16T22:48:33.140858,0.0,45.2,0.403106689453125,7580.18896484375,11137.822265625,0.0036,0.0001245,0.0014939999999999999
2026-01-16T22:53:34.169122,0.0,45.1,0.403076171875,7580.18896484375,11138.427734375,0.0036,0.0001245,0.0014939999999999999
2026-01-16T22:58:35.197665,0.0,45.1,0.4030494689941406,7580.18896484375,11139.091796875,0.0036,0.0001245,0.0014939999999999999
2026-01-16T23:03:36.226097,0.0,45.1,0.4029884338378906,7580.18896484375,11139.833984375,0.0036,0.0001245,0.0014939999999999999
2026-01-16T23:08:37.254683,0.0,45.1,0.4029655456542969,7580.18896484375,11140.416015625,0.0036,0.0001245,0.0014939999999999999
2026-01-16T23:13:38.283130,0.0,45.1,0.4029426574707031,7580.18896484375,11141.005859375,0.0036,0.0001245,0.0014939999999999999
2026-01-16T23:18:39.311674,0.5,45.1,0.4029045104980469,7580.18896484375,11142.072265625,0.003642,0.00012595249999999998,0.0015114299999999998
2026-01-16T23:23:40.340385,0.0,45.1,0.40287017822265625,7580.18896484375,11142.705078125,0.0036,0.0001245,0.0014939999999999999
2026-01-16T23:28:41.368542,0.0,45.4,0.40523529052734375,7580.18896484375,11143.603515625,0.0036,0.0001245,0.0014939999999999999
2026-01-16T23:33:42.396574,0.0,45.4,0.40520477294921875,7580.18896484375,11144.205078125,0.0036,0.0001245,0.0014939999999999999
2026-01-16T23:38:43.424909,0.0,45.4,0.405181884765625,7580.18896484375,11144.783203125,0.0036,0.0001245,0.0014939999999999999
2026-01-16T23:43:44.453344,0.0,45.4,0.4051361083984375,7580.18896484375,11145.646484375,0.0036,0.0001245,0.0014939999999999999
2026-01-16T23:48:45.481543,0.0,45.4,0.4051170349121094,7580.18896484375,11146.271484375,0.0036,0.0001245,0.0014939999999999999
2026-01-16T23:53:46.514032,0.0,45.4,0.4050788879394531,7580.18896484375,11146.873046875,0.0036,0.0001245,0.0014939999999999999
2026-01-16T23:58:47.546331,0.5,45.4,0.4050636291503906,7580.18896484375,11147.443359375,0.003642,0.00012595249999999998,0.0015114299999999998
2026-01-17T00:03:48.574660,0.0,45.2,0.40381622314453125,7582.34130859375,11148.904296875,0.0036,0.0001245,0.0014939999999999999
2026-01-17T00:08:49.603420,0.0,45.1,0.40253448486328125,7583.15771484375,11150.634765625,0.0036,0.0001245,0.0014939999999999999
2026-01-17T00:13:50.631878,0.0,45.1,0.4024848937988281,7583.15771484375,11151.462890625,0.0036,0.0001245,0.0014939999999999999
2026-01-17T00:18:51.659943,0.0,44.9,0.40117645263671875,7583.15771484375,11152.568359375,0.0036,0.0001245,0.0014939999999999999
2026-01-17T00:23:52.688203,0.0,45.0,0.4016265869140625,7583.15771484375,11153.177734375,0.0036,0.0001245,0.0014939999999999999
2026-01-17T00:28:53.716674,0.5,45.1,0.403045654296875,7583.15771484375,11153.767578125,0.003642,0.00012595249999999998,0.0015114299999999998
2026-01-17T00:33:54.745002,0.0,49.8,0.4448280334472656,8032.19677734375,11438.337890625,0.0036,0.0001245,0.0014939999999999999
2026-01-17T00:38:55.774853,0.0,49.4,0.4411964416503906,8032.50927734375,11439.388671875,0.0036,0.0001245,0.0014939999999999999
2026-01-17T00:43:56.806390,0.5,49.2,0.4395103454589844,8033.07177734375,11440.212890625,0.003642,0.00012595249999999998,0.0015114299999999998
2026-01-17T00:48:57.835380,0.0,49.2,0.4394874572753906,8033.07177734375,11440.861328125,0.0036,0.0001245,0.0014939999999999999
2026-01-17T00:53:58.863920,0.0,48.8,0.4357147216796875,8035.85302734375,11441.912109375,0.0036,0.0001245,0.0014939999999999999
2026-01-17T00:58:59.892606,0.0,48.8,0.4356880187988281,8035.85302734375,11442.533203125,0.0036,0.0001245,0.0014939999999999999
2026-01-17T01:04:00.921033,0.5,48.8,0.43564605712890625,8035.85302734375,11443.380859375,0.003642,0.00012595249999999998,0.0015114299999999998
2026-01-17T01:09:01.959133,0.0,48.8,0.43560791015625,8035.85302734375,11444.005859375,0.0036,0.0001245,0.0014939999999999999
2026-01-17T01:14:02.988408,0.0,48.8,0.435577392578125,8035.85302734375,11444.642578125,0.0036,0.0001245,0.0014939999999999999
2026-01-17T01:19:04.018596,0.0,48.8,0.4355316162109375,8035.85302734375,11445.560546875,0.0036,0.0001245,0.0014939999999999999
2026-01-17T01:24:05.047118,0.0,48.2,0.430419921875,8045.10302734375,11447.326171875,0.0036,0.0001245,0.0014939999999999999
2026-01-17T01:29:06.077436,0.0,48.2,0.4306297302246094,8045.10302734375,11447.990234375,0.0036,0.0001245,0.0014939999999999999
2026-01-17T01:34:07.106229,0.0,48.1,0.4291229248046875,8045.10302734375,11448.931640625,0.0036,0.0001245,0.0014939999999999999
2026-01-17T01:39:08.135125,0.0,48.1,0.42910003662109375,8045.10302734375,11449.560546875,0.0036,0.0001245,0.0014939999999999999
2026-01-17T01:44:09.164232,0.0,48.0,0.4288368225097656,8045.10302734375,11450.177734375,0.0036,0.0001245,0.0014939999999999999
2026-01-17T01:49:10.192695,0.5,48.0,0.42856597900390625,8045.10302734375,11450.755859375,0.003642,0.00012595249999999998,0.0015114299999999998
2026-01-17T01:54:11.221706,0.0,48.0,0.4282112121582031,8045.10302734375,11451.392578125,0.0036,0.0001245,0.0014939999999999999
2026-01-17T01:59:12.250363,0.0,47.9,0.42783355712890625,8045.10302734375,11452.072265625,0.0036,0.0001245,0.0014939999999999999
2026-01-17T02:04:13.279138,0.0,47.9,0.4272422790527344,8045.10302734375,11452.748046875,0.0036,0.0001245,0.0014939999999999999
2026-01-17T02:09:14.308345,0.0,47.9,0.4274749755859375,8045.10302734375,11453.318359375,0.0036,0.0001245,0.0014939999999999999
2026-01-17T02:14:15.337073,0.0,47.8,0.426483154296875,8045.10302734375,11453.978515625,0.0036,0.0001245,0.0014939999999999999
2026-01-17T02:19:16.366051,0.0,47.8,0.4266777038574219,8045.10302734375,11454.853515625,0.0036,0.0001245,0.0014939999999999999
2026-01-17T02:24:17.395356,0.0,47.6,0.4251899719238281,8045.10302734375,11455.958984375,0.0036,0.0001245,0.0014939999999999999
2026-01-17T02:29:18.424129,0.5,47.6,0.4253959655761719,8045.10302734375,11456.572265625,0.003642,0.00012595249999999998,0.0015114299999999998
2026-01-17T02:34:19.452790,0.0,47.6,0.42536163330078125,8045.10302734375,11457.205078125,0.0036,0.0001245,0.0014939999999999999
2026-01-17T02:39:20.481552,0.0,47.6,0.4253387451171875,8045.10302734375,11457.783203125,0.0036,0.0001245,0.0014939999999999999
2026-01-17T02:44:21.510304,0.0,47.6,0.42531585693359375,8045.10302734375,11458.404296875,0.0036,0.0001245,0.0014939999999999999
2026-01-17T02:49:22.539051,0.0,47.6,0.4252662658691406,8045.10302734375,11459.197265625,0.0036,0.0001245,0.0014939999999999999
2026-01-17T02:54:23.568741,0.0,46.6,0.41579437255859375,8050.45849609375,11463.193359375,0.0036,0.0001245,0.0014939999999999999
2026-01-17T02:59:24.597449,0.0,46.6,0.4159812927246094,8050.46630859375,11463.806640625,0.0036,0.0001245,0.0014939999999999999
2026-01-17T03:04:25.626197,0.0,46.6,0.4159507751464844,8050.46630859375,11464.478515625,0.0036,0.0001245,0.0014939999999999999
2026-01-17T03:09:26.655229,0.0,46.6,0.416168212890625,8050.46630859375,11465.048828125,0.0036,0.0001245,0.0014939999999999999
2026-01-17T03:14:27.684741,0.0,46.6,0.416107177734375,8050.49365234375,11465.861328125,0.0036,0.0001245,0.0014939999999999999
2026-01-17T03:19:28.713779,0.0,46.6,0.4160614013671875,8050.49365234375,11466.900390625,0.0036,0.0001245,0.0014939999999999999
2026-01-17T03:24:29.743371,0.0,43.9,0.39226531982421875,8050.55615234375,11470.775390625,0.0036,0.0001245,0.0014939999999999999
2026-01-17T03:29:30.772412,0.0,44.1,0.3936805725097656,8050.55615234375,11471.373046875,0.0036,0.0001245,0.0014939999999999999
2026-01-17T03:34:31.801022,0.0,44.1,0.3938865661621094,8050.55615234375,11472.001953125,0.0036,0.0001245,0.0014939999999999999
2026-01-17T03:39:32.829877,0.0,44.3,0.3952903747558594,8050.55615234375,11472.912109375,0.0036,0.0001245,0.0014939999999999999
2026-01-17T03:44:33.859490,0.0,44.3,0.3954620361328125,8050.55615234375,11473.794921875,0.0036,0.0001245,0.0014939999999999999
2026-01-17T03:49:34.888418,0.0,44.3,0.3954315185546875,8050.55615234375,11474.396484375,0.0036,0.0001245,0.0014939999999999999
2026-01-17T03:54:35.917312,0.0,44.3,0.3954124450683594,8050.55615234375,11474.986328125,0.0036,0.0001245,0.0014939999999999999
2026-01-17T03:59:36.946863,0.0,44.3,0.39540863037109375,8050.55615234375,11475.537109375,0.0036,0.0001245,0.0014939999999999999
2026-01-17T04:04:37.975913,0.0,44.4,0.3960723876953125,8050.55615234375,11476.501953125,0.0036,0.0001245,0.0014939999999999999
2026-01-17T04:09:39.005193,0.0,44.4,0.3962860107421875,8050.55615234375,11477.115234375,0.0036,0.0001245,0.0014939999999999999
2026-01-17T04:14:40.035374,0.0,44.4,0.39667510986328125,8050.77880859375,11477.935546875,0.0036,0.0001245,0.0014939999999999999
2026-01-17T04:19:41.064471,0.0,44.5,0.3968696594238281,8050.78271484375,11478.814453125,0.0036,0.0001245,0.0014939999999999999
2026-01-17T04:24:42.093408,0.0,44.6,0.3985328674316406,8050.78271484375,11479.427734375,0.0036,0.0001245,0.0014939999999999999
2026-01-17T04:29:43.122299,0.0,44.6,0.3985099792480469,8050.78271484375,11479.998046875,0.0036,0.0001245,0.0014939999999999999
2026-01-17T04:34:44.151901,0.5,44.6,0.3984870910644531,8050.78271484375,11480.607421875,0.003642,0.00012595249999999998,0.0015114299999999998
2026-01-17T04:39:45.181778,0.0,44.6,0.3984718322753906,8050.78271484375,11481.177734375,0.0036,0.0001245,0.0014939999999999999
2026-01-17T04:44:46.212907,0.0,44.6,0.3984375,8050.78271484375,11481.998046875,0.0036,0.0001245,0.0014939999999999999
2026-01-17T04:49:47.242014,0.5,44.6,0.39841461181640625,8050.78271484375,11482.583984375,0.003642,0.00012595249999999998,0.0015114299999999998
2026-01-17T04:54:48.272185,0.0,44.7,0.3991203308105469,8050.78271484375,11483.162109375,0.0036,0.0001245,0.0014939999999999999
2026-01-17T04:59:49.301287,0.5,44.9,0.4012336730957031,8050.78271484375,11483.755859375,0.003642,0.00012595249999999998,0.0015114299999999998
2026-01-17T05:04:50.330461,0.0,44.9,0.401031494140625,8050.86083984375,11484.923828125,0.0036,0.0001245,0.0014939999999999999
2026-01-17T05:09:51.359676,0.0,44.9,0.40084075927734375,8050.86083984375,11485.818359375,0.0036,0.0001245,0.0014939999999999999
2026-01-17T05:14:52.390651,0.0,44.9,0.4008331298828125,8050.86083984375,11486.412109375,0.0036,0.0001245,0.0014939999999999999
2026-01-17T05:19:53.420255,0.0,44.9,0.40079498291015625,8050.86083984375,11487.314453125,0.0036,0.0001245,0.0014939999999999999
2026-01-17T05:24:54.449726,0.0,44.9,0.4007682800292969,8050.86083984375,11487.931640625,0.0036,0.0001245,0.0014939999999999999
2026-01-17T05:29:55.479008,0.0,44.9,0.4007606506347656,8050.86083984375,11488.560546875,0.0036,0.0001245,0.0014939999999999999
2026-01-17T05:34:56.509281,0.0,44.9,0.4007225036621094,8050.86083984375,11489.173828125,0.0036,0.0001245,0.0014939999999999999
2026-01-17T05:39:57.538676,0.0,44.9,0.4006767272949219,8050.86083984375,11490.240234375,0.0036,0.0001245,0.0014939999999999999
2026-01-17T05:44:58.567940,0.0,44.9,0.4006538391113281,8050.86083984375,11490.861328125,0.0036,0.0001245,0.0014939999999999999
2026-01-17T05:49:59.609767,0.0,44.9,0.4006309509277344,8050.86083984375,11491.466796875,0.0036,0.0001245,0.0014939999999999999
2026-01-17T05:55:00.639237,1.5,44.9,0.4005928039550781,8050.87646484375,11492.119140625,0.003726,0.0001288575,0.00154629
2026-01-17T06:00:01.740453,1.0,44.9,0.40057373046875,8050.87646484375,11492.705078125,0.003684,0.00012740499999999998,0.00152886
2026-01-17T06:05:02.786042,0.0,44.9,0.4007682800292969,8050.87646484375,11493.599609375,0.0036,0.0001245,0.0014939999999999999
2026-01-17T06:10:03.816929,0.0,49.5,0.4415740966796875,8051.63037109375,11494.603515625,0.0036,0.0001245,0.0014939999999999999
2026-01-17T06:15:04.847582,0.0,49.4,0.4410400390625,8051.63037109375,11495.224609375,0.0036,0.0001245,0.0014939999999999999
2026-01-17T06:20:05.877044,0.0,49.4,0.44100189208984375,8051.63037109375,11496.345703125,0.0036,0.0001245,0.0014939999999999999
2026-01-17T06:25:06.907508,0.0,49.4,0.44072723388671875,8051.63037109375,11496.736328125,0.0036,0.0001245,0.0014939999999999999
2026-01-17T06:30:07.936998,0.0,49.4,0.4406929016113281,8051.63037109375,11497.681640625,0.0036,0.0001245,0.0014939999999999999
2026-01-17T06:35:08.967647,0.0,49.3,0.4402809143066406,8051.63037109375,11498.271484375,0.0036,0.0001245,0.0014939999999999999
2026-01-17T06:40:09.996864,0.0,49.3,0.4399223327636719,8051.63037109375,11499.134765625,0.0036,0.0001245,0.0014939999999999999
2026-01-17T06:45:11.026280,0.0,49.2,0.4396247863769531,8051.63037109375,11499.783203125,0.0036,0.0001245,0.0014939999999999999
2026-01-17T06:50:12.055989,0.0,49.2,0.4392433166503906,8051.63037109375,11500.619140625,0.0036,0.0001245,0.0014939999999999999
2026-01-17T06:55:13.085235,0.0,49.2,0.43896484375,8051.63037109375,11501.177734375,0.0036,0.0001245,0.0014939999999999999
2026-01-17T07:00:14.115895,0.0,49.1,0.4385337829589844,8051.63037109375,11501.759765625,0.0036,0.0001245,0.0014939999999999999
2026-01-17T07:05:15.146246,0.0,49.1,0.4381217956542969,8051.63037109375,11502.439453125,0.0036,0.0001245,0.0014939999999999999
2026-01-17T07:10:16.175888,0.0,49.0,0.4373435974121094,8051.63037109375,11503.001953125,0.0036,0.0001245,0.0014939999999999999
2026-01-17T07:15:17.205376,0.0,49.0,0.43756103515625,8051.63037109375,11503.619140625,0.0036,0.0001245,0.0014939999999999999
2026-01-17T07:20:18.235419,0.0,49.0,0.4375190734863281,8051.63037109375,11504.712890625,0.0036,0.0001245,0.0014939999999999999
2026-01-17T07:25:19.264917,0.0,49.0,0.4374351501464844,8051.63037109375,11505.380859375,0.0036,0.0001245,0.0014939999999999999
2026-01-17T07:30:20.296245,0.0,48.9,0.4367256164550781,8051.63037109375,11505.962890625,0.0036,0.0001245,0.0014939999999999999
2026-01-17T07:35:21.326226,0.0,48.9,0.4366912841796875,8051.63037109375,11506.806640625,0.0036,0.0001245,0.0014939999999999999
2026-01-17T07:40:22.356001,0.0,48.9,0.4366569519042969,8051.63037109375,11507.154296875,0.0036,0.0001245,0.0014939999999999999
2026-01-17T07:45:23.385994,0.0,48.9,0.4366416931152344,8051.63037109375,11508.005859375,0.0036,0.0001245,0.0014939999999999999
2026-01-17T07:50:24.415668,0.0,48.9,0.4365997314453125,8051.63037109375,11508.576171875,0.0036,0.0001245,0.0014939999999999999
2026-01-17T07:55:25.444947,0.0,48.9,0.4365692138671875,8051.63037109375,11509.212890625,0.0036,0.0001245,0.0014939999999999999
2026-01-17T08:00:26.474571,0.0,48.9,0.43653106689453125,8051.63037109375,11509.982421875,0.0036,0.0001245,0.0014939999999999999
2026-01-17T08:05:27.503886,0.0,48.9,0.4365119934082031,8051.63037109375,11510.919921875,0.0036,0.0001245,0.0014939999999999999
2026-01-17T08:10:28.533409,0.0,48.9,0.4364814758300781,8051.63037109375,11511.275390625,0.0036,0.0001245,0.0014939999999999999
2026-01-17T08:15:29.563936,0.0,48.9,0.43645477294921875,8051.63037109375,11512.341796875,0.0036,0.0001245,0.0014939999999999999
2026-01-17T08:20:30.593728,0.0,48.9,0.4364128112792969,8051.63037109375,11512.994140625,0.0036,0.0001245,0.0014939999999999999
2026-01-17T08:25:31.623854,0.0,48.9,0.436370849609375,8051.63037109375,11513.931640625,0.0036,0.0001245,0.0014939999999999999
2026-01-17T08:30:32.653576,0.0,48.9,0.43634033203125,8051.63037109375,11514.810546875,0.0036,0.0001245,0.0014939999999999999
2026-01-17T08:35:33.683412,0.0,48.9,0.43631744384765625,8051.63037109375,11515.412109375,0.0036,0.0001245,0.0014939999999999999
2026-01-17T08:40:34.713211,0.0,48.9,0.4362754821777344,8051.63037109375,11516.021484375,0.0036,0.0001245,0.0014939999999999999
2026-01-17T08:45:35.743681,0.0,48.9,0.4362068176269531,8051.63037109375,11517.244140625,0.0036,0.0001245,0.0014939999999999999
2026-01-17T08:50:36.773657,0.0,48.9,0.4361839294433594,8051.63037109375,11517.619140625,0.0036,0.0001245,0.0014939999999999999
2026-01-17T08:55:37.803986,0.0,48.9,0.4361763000488281,8051.63037109375,11518.439453125,0.0036,0.0001245,0.0014939999999999999
2026-01-17T09:00:38.834726,0.0,48.9,0.4361419677734375,8051.63037109375,11518.787109375,0.0036,0.0001245,0.0014939999999999999
2026-01-17T09:05:39.864457,0.0,48.8,0.4360542297363281,8051.69287109375,11519.931640625,0.0036,0.0001245,0.0014939999999999999
2026-01-17T09:10:40.894110,0.0,48.0,0.4287910461425781,8051.69287109375,11520.841796875,0.0036,0.0001245,0.0014939999999999999
2026-01-17T09:15:41.923913,0.0,48.0,0.4283409118652344,8051.69287109375,11521.728515625,0.0036,0.0001245,0.0014939999999999999
2026-01-17T09:20:42.953629,0.0,47.9,0.4278411865234375,8051.69287109375,11522.642578125,0.0036,0.0001245,0.0014939999999999999
2026-01-17T09:25:43.983609,0.0,47.9,0.4278144836425781,8051.69287109375,11523.271484375,0.0036,0.0001245,0.0014939999999999999
2026-01-17T09:30:45.013501,0.5,47.9,0.42763519287109375,8051.69287109375,11523.599609375,0.003642,0.00012595249999999998,0.0015114299999999998
2026-01-17T09:35:46.043527,0.0,47.9,0.4275932312011719,8051.69287109375,11524.654296875,0.0036,0.0001245,0.0014939999999999999
2026-01-17T09:40:47.073710,0.0,47.8,0.4265899658203125,8051.69287109375,11525.001953125,0.0036,0.0001245,0.0014939999999999999
2026-01-17T09:45:48.103798,0.0,47.8,0.4267997741699219,8051.69287109375,11525.869140625,0.0036,0.0001245,0.0014939999999999999
2026-01-17T09:50:49.133775,0.0,47.7,0.4262237548828125,8051.69287109375,11526.216796875,0.0036,0.0001245,0.0014939999999999999
2026-01-17T09:55:50.163774,0.5,47.7,0.42620086669921875,8051.69287109375,11527.044921875,0.003642,0.00012595249999999998,0.0015114299999999998
2026-01-17T10:00:51.193439,0.0,47.6,0.42470550537109375,8051.69287109375,11527.439453125,0.0036,0.0001245,0.0014939999999999999
2026-01-17T10:05:52.223344,0.0,47.5,0.42431640625,8051.69287109375,11528.537109375,0.0036,0.0001245,0.0014939999999999999
2026-01-17T10:10:53.253127,0.0,47.4,0.42342376708984375,8051.69287109375,11529.134765625,0.0036,0.0001245,0.0014939999999999999
2026-01-17T10:15:54.283332,0.0,47.4,0.4234161376953125,8051.69287109375,11529.740234375,0.0036,0.0001245,0.0014939999999999999
2026-01-17T10:20:55.313213,0.0,47.4,0.42359161376953125,8051.69287109375,11530.923828125,0.0036,0.0001245,0.0014939999999999999
2026-01-17T10:25:56.342943,0.0,47.4,0.42356109619140625,8051.69287109375,11531.595703125,0.0036,0.0001245,0.0014939999999999999
2026-01-17T10:30:57.373386,0.0,47.4,0.4235191345214844,8051.69287109375,11532.416015625,0.0036,0.0001245,0.0014939999999999999
2026-01-17T10:35:58.403732,0.0,47.4,0.4234886169433594,8051.69287109375,11533.025390625,0.0036,0.0001245,0.0014939999999999999
2026-01-17T10:40:59.434722,0.0,47.4,0.42333984375,8051.69287109375,11533.626953125,0.0036,0.0001245,0.0014939999999999999
2026-01-17T10:46:00.476644,0.5,47.4,0.4233131408691406,8051.69287109375,11534.267578125,0.003642,0.00012595249999999998,0.0015114299999999998
2026-01-17T10:51:01.531669,0.0,47.4,0.4232940673828125,8051.69287109375,11534.880859375,0.0036,0.0001245,0.0014939999999999999
2026-01-17T10:56:02.563912,0.0,46.6,0.4160118103027344,8051.69287109375,11535.771484375,0.0036,0.0001245,0.0014939999999999999
2026-01-17T11:01:03.594793,0.0,45.8,0.4085121154785156,8051.69287109375,11536.787109375,0.0036,0.0001245,0.0014939999999999999
2026-01-17T11:06:04.624939,0.0,45.8,0.408721923828125,8051.69287109375,11537.541015625,0.0036,0.0001245,0.0014939999999999999
2026-01-17T11:11:05.654874,0.0,45.8,0.40869903564453125,8051.69287109375,11538.146484375,0.0036,0.0001245,0.0014939999999999999
2026-01-17T11:16:06.684609,0.5,45.8,0.4089088439941406,8051.69287109375,11538.759765625,0.003642,0.00012595249999999998,0.0015114299999999998
2026-01-17T11:21:07.714583,0.0,46.0,0.4105567932128906,8051.69287109375,11539.642578125,0.0036,0.0001245,0.0014939999999999999
2026-01-17T11:26:08.744867,0.0,46.0,0.4107627868652344,8051.69287109375,11540.439453125,0.0036,0.0001245,0.0014939999999999999
2026-01-17T11:31:09.774786,0.0,46.0,0.4107246398925781,8051.69287109375,11541.083984375,0.0036,0.0001245,0.0014939999999999999
2026-01-17T11:36:10.804682,0.0,46.0,0.4107170104980469,8051.69287109375,11541.818359375,0.0036,0.0001245,0.0014939999999999999
2026-01-17T11:41:11.834663,0.0,46.0,0.41064453125,8051.71630859375,11542.423828125,0.0036,0.0001245,0.0014939999999999999
2026-01-17T11:46:12.866403,0.0,46.0,0.41062164306640625,8051.71630859375,11543.044921875,0.0036,0.0001245,0.0014939999999999999
2026-01-17T11:51:13.896621,0.0,46.0,0.4106025695800781,8051.71630859375,11543.634765625,0.0036,0.0001245,0.0014939999999999999
2026-01-17T11:56:14.926819,0.0,46.0,0.410552978515625,8051.71630859375,11544.498046875,0.0036,0.0001245,0.0014939999999999999
2026-01-17T12:01:15.957346,0.0,46.0,0.41048431396484375,8051.72802734375,11545.416015625,0.0036,0.0001245,0.0014939999999999999
2026-01-17T12:06:16.987654,0.0,46.0,0.4104423522949219,8051.73193359375,11546.142578125,0.0036,0.0001245,0.0014939999999999999
2026-01-17T12:11:18.024016,0.0,46.0,0.4104194641113281,8051.73193359375,11546.759765625,0.0036,0.0001245,0.0014939999999999999
2026-01-17T12:16:19.054345,0.0,44.2,0.39472198486328125,8051.73193359375,11550.529296875,0.0036,0.0001245,0.0014939999999999999
2026-01-17T12:21:20.085451,0.0,44.2,0.3946647644042969,8051.73193359375,11551.423828125,0.0036,0.0001245,0.0014939999999999999
2026-01-17T12:26:21.115625,0.0,44.2,0.3948783874511719,8051.73193359375,11552.306640625,0.0036,0.0001245,0.0014939999999999999
2026-01-17T12:31:22.145908,0.0,44.3,0.3955535888671875,8051.73193359375,11552.931640625,0.0036,0.0001245,0.0014939999999999999
2026-01-17T12:36:23.177227,0.0,44.3,0.3954658508300781,8051.73193359375,11554.068359375,0.0036,0.0001245,0.0014939999999999999
2026-01-17T12:41:24.209510,0.0,44.3,0.3954429626464844,8051.73193359375,11554.681640625,0.0036,0.0001245,0.0014939999999999999
2026-01-17T12:46:25.240687,0.0,44.1,0.3933563232421875,8051.73193359375,11555.302734375,0.0036,0.0001245,0.0014939999999999999
2026-01-17T12:51:26.270737,0.0,44.0,0.3931999206542969,8051.73193359375,11556.345703125,0.0036,0.0001245,0.0014939999999999999
2026-01-17T12:56:27.302565,0.0,44.3,0.3950843811035156,8051.73193359375,11556.958984375,0.0036,0.0001245,0.0014939999999999999
2026-01-17T13:01:28.333500,0.5,44.4,0.3960075378417969,8051.73193359375,11557.623046875,0.003642,0.00012595249999999998,0.0015114299999999998
2026-01-17T13:06:29.363698,0.0,44.4,0.396697998046875,8051.73193359375,11558.240234375,0.0036,0.0001245,0.0014939999999999999
2026-01-17T13:11:30.394055,0.0,44.5,0.3973960876464844,8051.73193359375,11558.873046875,0.0036,0.0001245,0.0014939999999999999
2026-01-17T13:16:31.424143,0.0,44.5,0.39734649658203125,8051.73193359375,11559.701171875,0.0036,0.0001245,0.0014939999999999999
2026-01-17T13:21:32.454429,0.0,44.5,0.3973045349121094,8051.73193359375,11560.615234375,0.0036,0.0001245,0.0014939999999999999
2026-01-17T13:26:33.485052,0.0,44.5,0.3972816467285156,8051.73193359375,11561.271484375,0.0036,0.0001245,0.0014939999999999999
2026-01-17T13:31:34.516016,0.0,44.5,0.3972282409667969,8051.73193359375,11561.935546875,0.0036,0.0001245,0.0014939999999999999
2026-01-17T13:36:35.554007,0.0,48.8,0.4353370666503906,8056.18896484375,11578.275390625,0.0036,0.0001245,0.0014939999999999999
2026-01-17T13:41:36.584189,0.0,48.6,0.43422698974609375,8056.18896484375,11578.896484375,0.0036,0.0001245,0.0014939999999999999
2026-01-17T13:46:37.614712,0.0,48.7,0.4344444274902344,8056.18896484375,11579.740234375,0.0036,0.0001245,0.0014939999999999999
2026-01-17T13:51:38.645248,0.0,48.6,0.43410491943359375,8056.18896484375,11580.380859375,0.0036,0.0001245,0.0014939999999999999
2026-01-17T13:56:39.676304,0.0,48.6,0.43407440185546875,8056.18896484375,11580.998046875,0.0036,0.0001245,0.0014939999999999999
2026-01-17T14:01:40.706568,0.0,47.0,0.4200439453125,8056.18896484375,11581.869140625,0.0036,0.0001245,0.0014939999999999999
2026-01-17T14:06:41.737080,0.0,47.0,0.42000579833984375,8056.18896484375,11582.556640625,0.0036,0.0001245,0.0014939999999999999
2026-01-17T14:11:42.767905,0.0,47.1,0.4201850891113281,8056.18896484375,11583.474609375,0.0036,0.0001245,0.0014939999999999999
2026-01-17T14:16:43.798527,0.0,47.1,0.4201545715332031,8056.18896484375,11584.095703125,0.0036,0.0001245,0.0014939999999999999
2026-01-17T14:21:44.829038,0.5,47.1,0.4201316833496094,8056.18896484375,11584.970703125,0.003642,0.00012595249999999998,0.0015114299999999998
2026-01-17T14:26:45.859300,0.0,47.1,0.4201011657714844,8056.18896484375,11585.619140625,0.0036,0.0001245,0.0014939999999999999
2026-01-17T14:31:46.890004,0.0,46.2,0.4125823974609375,8056.18896484375,11586.525390625,0.0036,0.0001245,0.0014939999999999999
2026-01-17T14:36:47.920536,0.0,46.3,0.4130516052246094,8056.18896484375,11587.146484375,0.0036,0.0001245,0.0014939999999999999
2026-01-17T14:41:48.969435,0.0,46.3,0.412994384765625,8056.18896484375,11588.001953125,0.0036,0.0001245,0.0014939999999999999
2026-01-17T14:46:50.000085,0.0,46.3,0.41297149658203125,8056.18896484375,11588.697265625,0.0036,0.0001245,0.0014939999999999999
2026-01-17T14:51:51.032938,0.0,46.3,0.4131202697753906,8056.21630859375,11589.701171875,0.0036,0.0001245,0.0014939999999999999
2026-01-17T14:56:52.063158,0.0,48.1,0.429168701171875,8071.10302734375,11591.904296875,0.0036,0.0001245,0.0014939999999999999
2026-01-17T15:01:53.093880,0.0,50.1,0.4474754333496094,8108.08349609375,11593.376953125,0.0036,0.0001245,0.0014939999999999999
2026-01-17T15:06:54.125274,0.0,47.7,0.4257850646972656,8108.08349609375,11594.384765625,0.0036,0.0001245,0.0014939999999999999
2026-01-17T15:11:55.156169,0.0,47.7,0.4259834289550781,8108.08349609375,11595.466796875,0.0036,0.0001245,0.0014939999999999999
2026-01-17T15:16:56.186938,0.0,47.7,0.4261932373046875,8108.08349609375,11596.076171875,0.0036,0.0001245,0.0014939999999999999
2026-01-17T15:21:57.217580,0.0,47.7,0.42584991455078125,8108.08349609375,11596.931640625,0.0036,0.0001245,0.0014939999999999999
2026-01-17T15:26:58.248458,0.0,47.7,0.4258308410644531,8108.08349609375,11597.556640625,0.0036,0.0001245,0.0014939999999999999
2026-01-17T15:31:59.278940,0.0,47.7,0.42578887939453125,8108.08349609375,11598.236328125,0.0036,0.0001245,0.0014939999999999999
2026-01-17T15:37:00.314117,0.0,46.6,0.4158973693847656,8108.32958984375,11599.283203125,0.0036,0.0001245,0.0014939999999999999
2026-01-17T15:42:01.359909,0.0,46.6,0.4158744812011719,8108.32958984375,11599.900390625,0.0036,0.0001245,0.0014939999999999999
2026-01-17T15:47:02.460613,0.0,46.6,0.4158515930175781,8108.32958984375,11600.486328125,0.0036,0.0001245,0.0014939999999999999
2026-01-17T15:52:03.492333,0.0,44.3,0.3952903747558594,8108.32958984375,11601.435546875,0.0036,0.0001245,0.0014939999999999999
2026-01-17T15:57:04.524593,0.0,44.1,0.3940773010253906,8108.32958984375,11602.404296875,0.0036,0.0001245,0.0014939999999999999
2026-01-17T16:02:05.556465,0.0,44.2,0.3945350646972656,8108.32958984375,11603.294921875,0.0036,0.0001245,0.0014939999999999999
2026-01-17T16:07:06.587014,0.0,44.4,0.39617156982421875,8108.32958984375,11604.064453125,0.0036,0.0001245,0.0014939999999999999
2026-01-17T16:12:07.618069,0.0,44.4,0.3961448669433594,8108.32958984375,11604.712890625,0.0036,0.0001245,0.0014939999999999999
2026-01-17T16:17:08.650342,0.5,44.4,0.39635467529296875,8108.32958984375,11605.365234375,0.003642,0.00012595249999999998,0.0015114299999999998
2026-01-17T16:22:09.682887,0.5,44.4,0.3963203430175781,8108.32958984375,11606.263671875,0.003642,0.00012595249999999998,0.0015114299999999998
2026-01-17T16:27:10.713540,0.0,44.4,0.3962898254394531,8108.32958984375,11606.927734375,0.0036,0.0001245,0.0014939999999999999
2026-01-17T16:32:11.744247,0.0,44.4,0.396240234375,8108.32958984375,11607.787109375,0.0036,0.0001245,0.0014939999999999999
2026-01-17T16:37:12.775275,0.0,44.4,0.3962135314941406,8108.32958984375,11608.427734375,0.0036,0.0001245,0.0014939999999999999
2026-01-17T16:42:13.806101,0.0,47.0,0.41942596435546875,8108.96240234375,11609.791015625,0.0036,0.0001245,0.0014939999999999999
2026-01-17T16:47:14.838157,0.0,47.0,0.4193382263183594,8108.96240234375,11610.458984375,0.0036,0.0001245,0.0014939999999999999
2026-01-17T16:52:15.868876,0.0,47.0,0.41953277587890625,8108.96240234375,11611.119140625,0.0036,0.0001245,0.0014939999999999999
2026-01-17T16:57:16.900021,0.0,47.0,0.4194908142089844,8108.96240234375,11611.982421875,0.0036,0.0001245,0.0014939999999999999
2026-01-17T17:02:17.931043,0.0,46.5,0.41546630859375,8109.54833984375,11613.083984375,0.0036,0.0001245,0.0014939999999999999
2026-01-17T17:07:18.962367,0.0,46.6,0.41616058349609375,8109.54833984375,11613.724609375,0.0036,0.0001245,0.0014939999999999999
2026-01-17T17:12:19.993498,0.0,46.6,0.4161186218261719,8109.54833984375,11614.392578125,0.0036,0.0001245,0.0014939999999999999
2026-01-17T17:17:21.024641,0.0,46.7,0.4165763854980469,8109.54833984375,11615.037109375,0.0036,0.0001245,0.0014939999999999999
2026-01-17T17:22:22.055081,0.0,46.8,0.4174995422363281,8109.54833984375,11616.189453125,0.0036,0.0001245,0.0014939999999999999
2026-01-17T17:27:23.086431,0.0,46.8,0.4174766540527344,8109.54833984375,11616.990234375,0.0036,0.0001245,0.0014939999999999999
2026-01-17T17:32:24.117365,0.0,46.8,0.41744232177734375,8109.54833984375,11617.673828125,0.0036,0.0001245,0.0014939999999999999
2026-01-17T17:37:25.148337,0.0,43.9,0.39162445068359375,8109.54833984375,11619.291015625,0.0036,0.0001245,0.0014939999999999999
2026-01-17T17:42:26.179306,0.0,43.8,0.390777587890625,8109.54833984375,11621.478515625,0.0036,0.0001245,0.0014939999999999999
2026-01-17T17:47:27.210209,0.0,44.0,0.3929023742675781,8109.54833984375,11622.322265625,0.0036,0.0001245,0.0014939999999999999
2026-01-17T17:52:28.241511,0.0,44.1,0.39354705810546875,8109.54833984375,11623.525390625,0.0036,0.0001245,0.0014939999999999999
2026-01-17T17:57:29.272573,0.0,44.1,0.3937530517578125,8109.54833984375,11624.177734375,0.0036,0.0001245,0.0014939999999999999
2026-01-17T18:02:30.303601,0.0,44.1,0.3937225341796875,8109.54833984375,11624.861328125,0.0036,0.0001245,0.0014939999999999999
2026-01-17T18:07:31.334264,0.5,44.1,0.3936920166015625,8109.54833984375,11625.478515625,0.003642,0.00012595249999999998,0.0015114299999999998
2026-01-17T18:12:32.365284,0.0,44.1,0.3938179016113281,8109.68505859375,11626.150390625,0.0036,0.0001245,0.0014939999999999999
2026-01-17T18:17:33.396667,0.0,44.1,0.3939781188964844,8109.68505859375,11627.115234375,0.0036,0.0001245,0.0014939999999999999
2026-01-17T18:22:34.428134,0.0,44.1,0.3939399719238281,8109.68505859375,11628.005859375,0.0036,0.0001245,0.0014939999999999999
2026-01-17T18:27:35.459018,0.0,44.2,0.394866943359375,8109.68505859375,11628.630859375,0.0036,0.0001245,0.0014939999999999999
2026-01-17T18:32:36.490336,0.0,44.2,0.39481353759765625,8109.68505859375,11629.615234375,0.0036,0.0001245,0.0014939999999999999
2026-01-17T18:37:37.521821,0.0,44.3,0.3952369689941406,8109.68505859375,11630.244140625,0.0036,0.0001245,0.0014939999999999999
2026-01-17T18:42:38.553993,0.0,44.3,0.3952140808105469,8109.68505859375,11630.896484375,0.0036,0.0001245,0.0014939999999999999
2026-01-17T18:47:39.585297,0.0,44.3,0.3951683044433594,8109.68505859375,11631.806640625,0.0036,0.0001245,0.0014939999999999999
2026-01-17T18:52:40.616490,0.0,45.9,0.40949249267578125,8110.47021484375,11633.134765625,0.0036,0.0001245,0.0014939999999999999
2026-01-17T18:57:41.647456,0.0,45.9,0.40948486328125,8110.47021484375,11633.751953125,0.0036,0.0001245,0.0014939999999999999
2026-01-17T19:02:42.678496,0.0,45.9,0.40999603271484375,8110.88037109375,11634.865234375,0.0036,0.0001245,0.0014939999999999999
2026-01-17T19:07:43.709443,0.0,45.9,0.40997314453125,8110.88037109375,11635.509765625,0.0036,0.0001245,0.0014939999999999999
2026-01-17T19:12:44.740770,0.0,45.9,0.40993499755859375,8110.88037109375,11636.189453125,0.0036,0.0001245,0.0014939999999999999
2026-01-17T19:17:45.773197,0.0,45.9,0.4097557067871094,8110.99755859375,11637.435546875,0.0036,0.0001245,0.0014939999999999999
2026-01-17T19:22:46.804324,0.0,45.9,0.40972900390625,8110.99755859375,11638.099609375,0.0036,0.0001245,0.0014939999999999999
2026-01-17T19:27:47.836227,0.0,45.9,0.4099311828613281,8110.99755859375,11638.751953125,0.0036,0.0001245,0.0014939999999999999
2026-01-17T19:32:48.867897,0.0,46.1,0.4115142822265625,8111.05615234375,11639.744140625,0.0036,0.0001245,0.0014939999999999999
2026-01-17T19:37:49.899097,0.0,46.1,0.4114723205566406,8111.05615234375,11640.646484375,0.0036,0.0001245,0.0014939999999999999
2026-01-17T19:42:50.930167,0.0,46.1,0.4114341735839844,8111.05615234375,11641.455078125,0.0036,0.0001245,0.0014939999999999999
2026-01-17T19:47:51.961340,0.0,46.1,0.4114112854003906,8111.05615234375,11642.091796875,0.0036,0.0001245,0.0014939999999999999
2026-01-17T19:52:52.992562,0.0,46.1,0.4116172790527344,8111.05615234375,11642.751953125,0.0036,0.0001245,0.0014939999999999999
2026-01-17T19:57:54.024714,0.0,46.1,0.4118232727050781,8111.05615234375,11643.388671875,0.0036,0.0001245,0.0014939999999999999
2026-01-17T20:02:55.057952,0.0,46.0,0.41071319580078125,8111.05615234375,11644.263671875,0.0036,0.0001245,0.0014939999999999999
2026-01-17T20:07:56.089458,0.0,46.1,0.411163330078125,8111.05615234375,11644.904296875,0.0036,0.0001245,0.0014939999999999999
2026-01-17T20:12:57.121365,0.0,46.2,0.41280364990234375,8111.05615234375,11645.787109375,0.0036,0.0001245,0.0014939999999999999
2026-01-17T20:17:58.152710,0.0,46.2,0.41275787353515625,8111.05615234375,11646.701171875,0.0036,0.0001245,0.0014939999999999999
2026-01-17T20:22:59.184139,0.5,46.2,0.4127349853515625,8111.05615234375,11647.333984375,0.003642,0.00012595249999999998,0.0015114299999999998
2026-01-17T20:28:00.235597,0.0,46.2,0.41271209716796875,8111.05615234375,11647.974609375,0.0036,0.0001245,0.0014939999999999999
2026-01-17T20:33:01.275923,0.0,46.2,0.4126777648925781,8111.05615234375,11648.662109375,0.0036,0.0001245,0.0014939999999999999
2026-01-17T20:38:02.309998,0.0,46.2,0.41265106201171875,8111.05615234375,11649.392578125,0.0036,0.0001245,0.0014939999999999999
2026-01-17T20:43:03.342471,0.0,46.2,0.41262054443359375,8111.05615234375,11650.041015625,0.0036,0.0001245,0.0014939999999999999
2026-01-17T20:48:04.374548,0.0,46.2,0.41259002685546875,8111.05615234375,11650.650390625,0.0036,0.0001245,0.0014939999999999999
2026-01-17T20:53:05.406111,0.0,46.2,0.4125518798828125,8111.05615234375,11651.576171875,0.0036,0.0001245,0.0014939999999999999
2026-01-17T20:58:06.437394,0.0,46.2,0.4125251770019531,8111.05615234375,11652.220703125,0.0036,0.0001245,0.0014939999999999999
2026-01-17T21:03:07.468640,0.0,46.2,0.4124755859375,8111.05615234375,11653.099609375,0.0036,0.0001245,0.0014939999999999999
2026-01-17T21:08:08.502599,0.0,46.2,0.4124336242675781,8111.05615234375,11653.787109375,0.0036,0.0001245,0.0014939999999999999
2026-01-17T21:13:09.534027,0.0,46.2,0.4123954772949219,8111.05615234375,11654.501953125,0.0036,0.0001245,0.0014939999999999999
2026-01-17T21:18:10.566719,0.0,46.2,0.4125862121582031,8111.05615234375,11655.439453125,0.0036,0.0001245,0.0014939999999999999
2026-01-17T21:23:11.598548,0.0,46.3,0.4132804870605469,8111.05615234375,11656.115234375,0.0036,0.0001245,0.0014939999999999999
2026-01-17T21:28:12.630447,0.0,45.6,0.40683746337890625,8111.05615234375,11657.142578125,0.0036,0.0001245,0.0014939999999999999
2026-01-17T21:33:13.662549,0.0,44.6,0.39829254150390625,8111.05615234375,11658.705078125,0.0036,0.0001245,0.0014939999999999999
2026-01-17T21:38:14.697309,0.0,44.6,0.39838409423828125,8111.05615234375,11659.361328125,0.0036,0.0001245,0.0014939999999999999
2026-01-17T21:43:15.734818,0.0,44.8,0.40003204345703125,8111.05615234375,11660.025390625,0.0036,0.0001245,0.0014939999999999999
2026-01-17T21:48:16.767904,0.0,44.9,0.4004974365234375,8111.05615234375,11660.626953125,0.0036,0.0001245,0.0014939999999999999
2026-01-17T21:53:17.803376,0.0,44.9,0.40045166015625,8111.05615234375,11661.283203125,0.0036,0.0001245,0.0014939999999999999
2026-01-17T21:58:18.836046,0.0,44.8,0.4003639221191406,8111.10693359375,11662.283203125,0.0036,0.0001245,0.0014939999999999999
2026-01-17T22:03:19.867754,0.0,44.8,0.4003181457519531,8111.10693359375,11663.060546875,0.0036,0.0001245,0.0014939999999999999
2026-01-17T22:08:20.900038,0.0,44.9,0.4005279541015625,8111.10693359375,11663.685546875,0.0036,0.0001245,0.0014939999999999999
2026-01-17T22:13:21.931775,0.0,44.9,0.40050506591796875,8111.10693359375,11664.322265625,0.0036,0.0001245,0.0014939999999999999
2026-01-17T22:18:22.963014,0.0,44.9,0.40045928955078125,8111.10693359375,11665.236328125,0.0036,0.0001245,0.0014939999999999999
2026-01-17T22:23:23.994766,0.0,44.8,0.40041351318359375,8111.10693359375,11666.107421875,0.0036,0.0001245,0.0014939999999999999
2026-01-17T22:28:25.026541,0.0,44.4,0.3968009948730469,8111.10693359375,11666.935546875,0.0036,0.0001245,0.0014939999999999999
2026-01-17T22:33:26.058016,0.0,44.5,0.39701080322265625,8111.10693359375,11667.587890625,0.0036,0.0001245,0.0014939999999999999
2026-01-17T22:38:27.090147,0.0,45.8,0.4089813232421875,8111.10693359375,11668.451171875,0.0036,0.0001245,0.0014939999999999999
2026-01-17T22:43:28.122763,0.0,44.0,0.39241790771484375,8111.12646484375,11674.814453125,0.0036,0.0001245,0.0014939999999999999
2026-01-17T22:48:29.154327,0.0,44.2,0.3947868347167969,8111.12646484375,11675.486328125,0.0036,0.0001245,0.0014939999999999999
2026-01-17T22:53:30.186767,0.0,44.4,0.3966522216796875,8111.12646484375,11676.611328125,0.0036,0.0001245,0.0014939999999999999
2026-01-17T22:58:31.218407,0.0,44.5,0.3968696594238281,8111.12646484375,11677.263671875,0.0036,0.0001245,0.0014939999999999999
2026-01-17T23:03:32.250055,0.0,44.5,0.3975410461425781,8111.12646484375,11677.998046875,0.0036,0.0001245,0.0014939999999999999
2026-01-17T23:08:33.282000,0.0,44.5,0.3975334167480469,8111.12646484375,11678.611328125,0.0036,0.0001245,0.0014939999999999999
2026-01-17T23:13:34.321068,0.0,44.5,0.3974876403808594,8111.12646484375,11679.244140625,0.0036,0.0001245,0.0014939999999999999
2026-01-17T23:18:35.354399,0.0,44.5,0.3974571228027344,8111.12646484375,11680.185546875,0.0036,0.0001245,0.0014939999999999999
2026-01-17T23:23:36.386020,0.0,44.5,0.39763641357421875,8111.12646484375,11681.068359375,0.0036,0.0001245,0.0014939999999999999
2026-01-17T23:28:37.418059,0.0,44.6,0.3983154296875,8111.12646484375,11682.005859375,0.0036,0.0001245,0.0014939999999999999
2026-01-17T23:33:38.450430,0.0,44.6,0.3982810974121094,8111.12646484375,11682.685546875,0.0036,0.0001245,0.0014939999999999999
2026-01-17T23:38:39.482217,0.0,44.6,0.3982505798339844,8111.12646484375,11683.310546875,0.0036,0.0001245,0.0014939999999999999
2026-01-17T23:43:40.513719,0.0,44.6,0.39821624755859375,8111.12646484375,11683.982421875,0.0036,0.0001245,0.0014939999999999999
2026-01-17T23:48:41.545522,0.0,44.3,0.3958625793457031,8111.12646484375,11685.009765625,0.0036,0.0001245,0.0014939999999999999
2026-01-17T23:53:42.577405,0.0,44.2,0.3945045471191406,8111.12646484375,11685.771484375,0.0036,0.0001245,0.0014939999999999999
2026-01-17T23:58:43.609154,0.0,44.4,0.3966407775878906,8111.12646484375,11686.427734375,0.0036,0.0001245,0.0014939999999999999
2026-01-18T00:03:44.640867,0.0,44.4,0.3961296081542969,8115.24755859375,11688.458984375,0.0036,0.0001245,0.0014939999999999999
2026-01-18T00:08:45.672741,0.0,44.3,0.3957176208496094,8115.41552734375,11689.998046875,0.0036,0.0001245,0.0014939999999999999
2026-01-18T00:13:46.704566,0.0,44.4,0.3964042663574219,8115.41552734375,11690.673828125,0.0036,0.0001245,0.0014939999999999999
2026-01-18T00:18:47.736680,0.0,44.4,0.3963508605957031,8115.41552734375,11691.841796875,0.0036,0.0001245,0.0014939999999999999
2026-01-18T00:23:48.768359,0.0,44.6,0.39801025390625,8115.41552734375,11692.462890625,0.0036,0.0001245,0.0014939999999999999
2026-01-18T00:28:49.800152,0.0,44.6,0.39798736572265625,8115.41552734375,11693.146484375,0.0036,0.0001245,0.0014939999999999999
2026-01-18T00:33:50.831992,0.0,44.7,0.39865875244140625,8115.41552734375,11693.822265625,0.0036,0.0001245,0.0014939999999999999
2026-01-18T00:38:51.864250,0.0,44.7,0.3986358642578125,8115.41552734375,11694.451171875,0.0036,0.0001245,0.0014939999999999999
2026-01-18T00:43:52.896267,0.0,44.6,0.39859771728515625,8115.41552734375,11695.337890625,0.0036,0.0001245,0.0014939999999999999
2026-01-18T00:48:53.928288,0.0,44.5,0.3975677490234375,8117.00927734375,11696.154296875,0.0036,0.0001245,0.0014939999999999999
2026-01-18T00:53:54.960234,0.0,44.5,0.3975334167480469,8117.00927734375,11696.826171875,0.0036,0.0001245,0.0014939999999999999
2026-01-18T00:58:55.992546,0.0,44.5,0.3975181579589844,8117.00927734375,11697.685546875,0.0036,0.0001245,0.0014939999999999999
2026-01-18T01:03:57.026158,0.0,44.8,0.3998908996582031,8117.00927734375,11698.544921875,0.0036,0.0001245,0.0014939999999999999
2026-01-18T01:08:58.061449,0.0,44.7,0.3995018005371094,8117.42333984375,11699.404296875,0.0036,0.0001245,0.0014939999999999999
2026-01-18T01:13:59.105184,0.0,44.7,0.3994712829589844,8117.42333984375,11700.060546875,0.0036,0.0001245,0.0014939999999999999
2026-01-18T01:19:00.154313,0.0,44.7,0.3994255065917969,8117.42333984375,11701.001953125,0.0036,0.0001245,0.0014939999999999999
2026-01-18T01:24:01.204624,0.0,44.7,0.3994026184082031,8117.42333984375,11701.623046875,0.0036,0.0001245,0.0014939999999999999
2026-01-18T01:29:02.291305,0.0,44.7,0.3993721008300781,8117.42333984375,11702.294921875,0.0036,0.0001245,0.0014939999999999999
2026-01-18T01:34:03.325001,0.0,44.7,0.3993186950683594,8117.42333984375,11703.349609375,0.0036,0.0001245,0.0014939999999999999
2026-01-18T01:39:04.381784,0.0,44.7,0.3992958068847656,8117.42333984375,11704.001953125,0.0036,0.0001245,0.0014939999999999999
2026-01-18T01:44:05.414605,0.0,44.7,0.3992729187011719,8117.42333984375,11704.623046875,0.0036,0.0001245,0.0014939999999999999
2026-01-18T01:49:06.446782,0.0,44.7,0.39925384521484375,8117.42333984375,11705.236328125,0.0036,0.0001245,0.0014939999999999999
2026-01-18T01:54:07.479011,0.0,44.7,0.3992156982421875,8117.42333984375,11705.908203125,0.0036,0.0001245,0.0014939999999999999
2026-01-18T01:59:08.511079,0.0,44.7,0.39919281005859375,8117.42333984375,11706.521484375,0.0036,0.0001245,0.0014939999999999999
2026-01-18T02:04:09.542934,0.0,44.7,0.39914703369140625,8117.42333984375,11707.435546875,0.0036,0.0001245,0.0014939999999999999
2026-01-18T02:09:10.574869,0.0,45.1,0.4027061462402344,8117.42333984375,11708.384765625,0.0036,0.0001245,0.0014939999999999999
2026-01-18T02:14:11.606902,0.0,45.3,0.40436553955078125,8117.42333984375,11709.056640625,0.0036,0.0001245,0.0014939999999999999
2026-01-18T02:19:12.639262,0.0,44.2,0.3947029113769531,8117.42333984375,11710.310546875,0.0036,0.0001245,0.0014939999999999999
2026-01-18T02:24:13.673301,0.0,44.2,0.3946800231933594,8117.42333984375,11710.939453125,0.0036,0.0001245,0.0014939999999999999
2026-01-18T02:29:14.706223,0.0,44.2,0.3946571350097656,8117.42333984375,11711.583984375,0.0036,0.0001245,0.0014939999999999999
2026-01-18T02:34:15.738344,0.0,44.2,0.39461517333984375,8117.42333984375,11712.466796875,0.0036,0.0001245,0.0014939999999999999
2026-01-18T02:39:16.770895,0.0,44.2,0.3945884704589844,8117.42333984375,11713.083984375,0.0036,0.0001245,0.0014939999999999999
2026-01-18T02:44:17.803296,0.5,44.2,0.394561767578125,8117.42333984375,11713.744140625,0.003642,0.00012595249999999998,0.0015114299999999998
2026-01-18T02:49:18.835618,0.0,44.2,0.3946533203125,8117.42333984375,11714.376953125,0.0036,0.0001245,0.0014939999999999999
2026-01-18T02:54:19.868344,0.0,44.3,0.3955879211425781,8117.42333984375,11715.060546875,0.0036,0.0001245,0.0014939999999999999
2026-01-18T02:59:20.900537,0.0,44.3,0.3955535888671875,8117.42333984375,11715.939453125,0.0036,0.0001245,0.0014939999999999999
2026-01-18T03:04:21.932556,0.0,44.3,0.3955078125,8117.42333984375,11716.654296875,0.0036,0.0001245,0.0014939999999999999
2026-01-18T03:09:22.964746,0.0,44.3,0.39548492431640625,8117.42333984375,11717.318359375,0.0036,0.0001245,0.0014939999999999999
2026-01-18T03:14:23.997143,0.0,44.3,0.39542388916015625,8117.43505859375,11718.466796875,0.0036,0.0001245,0.0014939999999999999
2026-01-18T03:19:25.029781,0.0,44.4,0.39633941650390625,8117.43505859375,11719.416015625,0.0036,0.0001245,0.0014939999999999999
2026-01-18T03:24:26.062569,0.0,44.5,0.39727020263671875,8117.43505859375,11720.052734375,0.0036,0.0001245,0.0014939999999999999
2026-01-18T03:29:27.094851,0.0,44.5,0.397247314453125,8117.43505859375,11720.791015625,0.0036,0.0001245,0.0014939999999999999
2026-01-18T03:34:28.128242,0.0,44.5,0.3972129821777344,8117.43505859375,11721.650390625,0.0036,0.0001245,0.0014939999999999999
2026-01-18T03:39:29.160684,0.0,44.5,0.3971824645996094,8117.43505859375,11722.326171875,0.0036,0.0001245,0.0014939999999999999
2026-01-18T03:44:30.193283,0.0,46.1,0.4116554260253906,8117.43505859375,11724.087890625,0.0036,0.0001245,0.0014939999999999999
2026-01-18T03:49:31.225685,0.0,46.2,0.41230010986328125,8117.43505859375,11725.005859375,0.0036,0.0001245,0.0014939999999999999
2026-01-18T03:54:32.258333,0.0,46.2,0.4122581481933594,8117.44287109375,11725.888671875,0.0036,0.0001245,0.0014939999999999999
2026-01-18T03:59:33.291097,0.0,46.2,0.4122276306152344,8117.44287109375,11726.556640625,0.0036,0.0001245,0.0014939999999999999
2026-01-18T04:04:34.323372,0.0,46.2,0.4121856689453125,8117.44287109375,11727.318359375,0.0036,0.0001245,0.0014939999999999999
2026-01-18T04:09:35.356749,0.0,46.2,0.4121437072753906,8117.44287109375,11727.943359375,0.0036,0.0001245,0.0014939999999999999
2026-01-18T04:14:36.389374,0.0,46.2,0.4121246337890625,8117.44287109375,11728.595703125,0.0036,0.0001245,0.0014939999999999999
2026-01-18T04:19:37.433175,0.5,46.2,0.4123039245605469,8117.44287109375,11729.685546875,0.003642,0.00012595249999999998,0.0015114299999999998
2026-01-18T04:24:38.465633,0.0,46.2,0.4122772216796875,8117.44287109375,11730.353515625,0.0036,0.0001245,0.0014939999999999999
2026-01-18T04:29:39.498108,0.0,46.2,0.41223907470703125,8117.44287109375,11731.267578125,0.0036,0.0001245,0.0014939999999999999
2026-01-18T04:34:40.530699,0.0,46.2,0.41220855712890625,8117.44287109375,11731.916015625,0.0036,0.0001245,0.0014939999999999999
2026-01-18T04:39:41.563126,0.0,46.2,0.41219329833984375,8117.44287109375,11732.521484375,0.0036,0.0001245,0.0014939999999999999
2026-01-18T04:44:42.595928,0.0,46.2,0.4121589660644531,8117.44287109375,11733.181640625,0.0036,0.0001245,0.0014939999999999999
2026-01-18T04:49:43.628431,0.0,46.2,0.4121284484863281,8117.44287109375,11734.037109375,0.0036,0.0001245,0.0014939999999999999
2026-01-18T04:54:44.661231,0.0,46.2,0.4120903015136719,8117.44287109375,11734.962890625,0.0036,0.0001245,0.0014939999999999999
2026-01-18T04:59:45.693684,0.0,46.2,0.41231536865234375,8117.44287109375,11735.568359375,0.0036,0.0001245,0.0014939999999999999
2026-01-18T05:04:46.726274,0.0,46.3,0.4129791259765625,8117.44287109375,11736.330078125,0.0036,0.0001245,0.0014939999999999999
2026-01-18T05:09:47.758749,0.0,45.9,0.4095344543457031,8117.44287109375,11737.146484375,0.0036,0.0001245,0.0014939999999999999
2026-01-18T05:14:48.791520,0.0,45.9,0.4095191955566406,8117.44287109375,11737.775390625,0.0036,0.0001245,0.0014939999999999999
2026-01-18T05:19:49.824257,0.0,46.0,0.4102668762207031,8118.31396484375,11738.916015625,0.0036,0.0001245,0.0014939999999999999
2026-01-18T05:24:50.856877,0.0,46.1,0.41120147705078125,8118.31396484375,11739.603515625,0.0036,0.0001245,0.0014939999999999999
2026-01-18T05:29:51.889359,0.0,46.1,0.4114189147949219,8118.31396484375,11740.251953125,0.0036,0.0001245,0.0014939999999999999
2026-01-18T05:34:52.922243,0.0,46.3,0.4130706787109375,8118.31396484375,11740.900390625,0.0036,0.0001245,0.0014939999999999999
2026-01-18T05:39:53.954831,0.0,46.3,0.413055419921875,8118.31396484375,11741.517578125,0.0036,0.0001245,0.0014939999999999999
2026-01-18T05:44:54.988881,0.0,46.3,0.4130287170410156,8118.31396484375,11742.392578125,0.0036,0.0001245,0.0014939999999999999
2026-01-18T05:49:56.027357,0.0,46.3,0.4130058288574219,8118.31396484375,11743.001953125,0.0036,0.0001245,0.0014939999999999999
2026-01-18T05:54:57.061584,0.0,46.3,0.4129791259765625,8118.31396484375,11743.685546875,0.0036,0.0001245,0.0014939999999999999
2026-01-18T05:59:58.094396,0.0,46.3,0.41294097900390625,8118.31396484375,11744.365234375,0.0036,0.0001245,0.0014939999999999999
2026-01-18T06:04:59.126643,0.0,46.3,0.4136238098144531,8118.31396484375,11745.361328125,0.0036,0.0001245,0.0014939999999999999
2026-01-18T06:10:00.238660,0.0,46.5,0.4152870178222656,8118.31396484375,11746.009765625,0.0036,0.0001245,0.0014939999999999999
2026-01-18T06:15:01.311152,1.0,46.7,0.417083740234375,8118.31396484375,11746.884765625,0.003684,0.00012740499999999998,0.00152886
2026-01-18T06:20:02.383995,0.5,46.7,0.4173431396484375,8118.31396484375,11747.833984375,0.003642,0.00012595249999999998,0.0015114299999999998
2026-01-18T06:25:03.426492,0.0,46.9,0.41898345947265625,8118.31396484375,11748.525390625,0.0036,0.0001245,0.0014939999999999999
2026-01-18T06:30:04.460613,0.0,46.9,0.41896820068359375,8118.31396484375,11749.259765625,0.0036,0.0001245,0.0014939999999999999
2026-01-18T06:35:05.496228,0.5,46.9,0.4189453125,8118.31396484375,11749.884765625,0.003642,0.00012595249999999998,0.0015114299999999998
2026-01-18T06:40:06.528695,0.0,46.9,0.4189109802246094,8118.31396484375,11750.830078125,0.0036,0.0001245,0.0014939999999999999
2026-01-18T06:45:07.561727,0.0,46.1,0.4118537902832031,8118.31396484375,11751.841796875,0.0036,0.0001245,0.0014939999999999999
2026-01-18T06:50:08.596663,0.0,49.6,0.4430046081542969,8118.45068359375,11753.958984375,0.0036,0.0001245,0.0014939999999999999
2026-01-18T06:55:09.629507,0.0,49.6,0.44274139404296875,8118.45068359375,11754.353515625,0.0036,0.0001245,0.0014939999999999999
2026-01-18T07:00:10.663871,0.0,49.5,0.4423370361328125,8118.45068359375,11754.986328125,0.0036,0.0001245,0.0014939999999999999
2026-01-18T07:05:11.697203,0.0,49.4,0.4408836364746094,8118.45068359375,11755.732421875,0.0036,0.0001245,0.0014939999999999999
2026-01-18T07:10:12.730062,0.0,49.2,0.4391441345214844,8118.45068359375,11756.853515625,0.0036,0.0001245,0.0014939999999999999
2026-01-18T07:15:13.763458,0.0,49.2,0.439117431640625,8118.45068359375,11757.509765625,0.0036,0.0001245,0.0014939999999999999
2026-01-18T07:20:14.796588,0.0,49.2,0.4390830993652344,8118.45068359375,11758.650390625,0.0036,0.0001245,0.0014939999999999999
2026-01-18T07:25:15.829536,0.0,49.2,0.4390602111816406,8118.45068359375,11759.068359375,0.0036,0.0001245,0.0014939999999999999
2026-01-18T07:30:16.862749,0.5,49.2,0.4390373229980469,8118.45068359375,11759.701171875,0.003642,0.00012595249999999998,0.0015114299999999998
2026-01-18T07:35:17.895897,0.0,49.2,0.438995361328125,8118.45068359375,11760.552734375,0.0036,0.0001245,0.0014939999999999999
2026-01-18T07:40:18.928790,0.0,49.2,0.4389801025390625,8118.45068359375,11761.177734375,0.0036,0.0001245,0.0014939999999999999
2026-01-18T07:45:19.962064,0.0,49.2,0.4389533996582031,8118.45068359375,11761.841796875,0.0036,0.0001245,0.0014939999999999999
2026-01-18T07:50:20.995018,1.0,49.2,0.4389305114746094,8118.45068359375,11762.455078125,0.003684,0.00012740499999999998,0.00152886
2026-01-18T07:55:22.037468,0.0,49.2,0.43891143798828125,8118.45068359375,11763.326171875,0.0036,0.0001245,0.0014939999999999999
2026-01-18T08:00:23.070543,0.0,49.2,0.4388771057128906,8118.45068359375,11763.716796875,0.0036,0.0001245,0.0014939999999999999
2026-01-18T08:05:24.103900,0.0,49.1,0.4386940002441406,8118.45068359375,11764.923828125,0.0036,0.0001245,0.0014939999999999999
2026-01-18T08:10:25.137325,0.0,49.0,0.4375457763671875,8118.45068359375,11765.314453125,0.0036,0.0001245,0.0014939999999999999
2026-01-18T08:15:26.170648,0.0,48.9,0.4366569519042969,8118.45068359375,11766.181640625,0.0036,0.0001245,0.0014939999999999999
2026-01-18T08:20:27.204068,0.0,48.9,0.43685150146484375,8118.45068359375,11766.892578125,0.0036,0.0001245,0.0014939999999999999
2026-01-18T08:25:28.236950,0.0,48.9,0.43682861328125,8118.45068359375,11767.591796875,0.0036,0.0001245,0.0014939999999999999
2026-01-18T08:30:29.270005,0.0,48.8,0.4355888366699219,8118.45458984375,11768.619140625,0.0036,0.0001245,0.0014939999999999999
2026-01-18T08:35:30.304420,0.0,48.8,0.435577392578125,8118.45458984375,11769.494140625,0.0036,0.0001245,0.0014939999999999999
2026-01-18T08:40:31.337422,0.0,48.8,0.4355430603027344,8118.45458984375,11769.888671875,0.0036,0.0001245,0.0014939999999999999
2026-01-18T08:45:32.370942,0.0,48.8,0.4355125427246094,8118.47021484375,11774.166015625,0.0036,0.0001245,0.0014939999999999999
2026-01-18T08:50:33.404559,0.0,48.8,0.4354972839355469,8118.47021484375,11774.548828125,0.0036,0.0001245,0.0014939999999999999
2026-01-18T08:55:34.437708,0.0,48.8,0.4354743957519531,8118.47021484375,11775.654296875,0.0036,0.0001245,0.0014939999999999999
2026-01-18T09:00:35.471141,0.0,48.8,0.4354400634765625,8118.47021484375,11776.037109375,0.0036,0.0001245,0.0014939999999999999
2026-01-18T09:05:36.504889,0.0,48.0,0.4281578063964844,8118.47021484375,11777.263671875,0.0036,0.0001245,0.0014939999999999999
2026-01-18T09:10:37.540182,0.0,48.0,0.4281501770019531,8118.47021484375,11777.923828125,0.0036,0.0001245,0.0014939999999999999
2026-01-18T09:15:38.574535,0.0,48.0,0.4281158447265625,8118.47021484375,11778.599609375,0.0036,0.0001245,0.0014939999999999999
2026-01-18T09:20:39.608278,0.0,47.1,0.4208412170410156,8118.47021484375,11779.912109375,0.0036,0.0001245,0.0014939999999999999
2026-01-18T09:25:40.641560,0.0,47.1,0.4208183288574219,8118.47021484375,11780.595703125,0.0036,0.0001245,0.0014939999999999999
2026-01-18T09:30:41.674908,0.0,48.3,0.4316596984863281,8394.52099609375,12054.017578125,0.0036,0.0001245,0.0014939999999999999
2026-01-18T09:35:42.708640,0.0,48.3,0.4316368103027344,8394.52099609375,12054.908203125,0.0036,0.0001245,0.0014939999999999999
2026-01-18T09:40:43.742846,0.0,48.3,0.4316139221191406,8394.52099609375,12055.294921875,0.0036,0.0001245,0.0014939999999999999
2026-01-18T09:45:44.776395,0.0,48.2,0.4300041198730469,8396.12646484375,12056.466796875,0.0036,0.0001245,0.0014939999999999999
2026-01-18T09:50:45.819589,0.0,48.2,0.4299659729003906,8396.13037109375,12057.103515625,0.0036,0.0001245,0.0014939999999999999
2026-01-18T09:55:46.852904,0.0,48.2,0.42993927001953125,8396.13037109375,12058.025390625,0.0036,0.0001245,0.0014939999999999999
2026-01-18T10:00:47.887243,0.0,48.2,0.42990875244140625,8396.13037109375,12058.662109375,0.0036,0.0001245,0.0014939999999999999
2026-01-18T10:05:48.920363,0.0,48.1,0.42987060546875,8396.13037109375,12059.412109375,0.0036,0.0001245,0.0014939999999999999
2026-01-18T10:10:49.954000,0.5,48.1,0.42984771728515625,8396.13037109375,12060.068359375,0.003642,0.00012595249999999998,0.0015114299999999998
2026-01-18T10:15:50.987562,0.0,48.1,0.42981719970703125,8396.13037109375,12060.990234375,0.0036,0.0001245,0.0014939999999999999
2026-01-18T10:20:52.024658,0.0,48.1,0.4297637939453125,8396.13037109375,12062.166015625,0.0036,0.0001245,0.0014939999999999999
2026-01-18T10:25:53.058186,0.0,48.1,0.42974090576171875,8396.13037109375,12062.833984375,0.0036,0.0001245,0.0014939999999999999
2026-01-18T10:30:54.091836,0.0,47.3,0.422637939453125,8396.13037109375,12063.607421875,0.0036,0.0001245,0.0014939999999999999
2026-01-18T10:35:55.127299,0.0,47.3,0.4226036071777344,8396.13037109375,12064.259765625,0.0036,0.0001245,0.0014939999999999999
2026-01-18T10:40:56.160554,0.0,47.3,0.4225730895996094,8396.13037109375,12064.912109375,0.0036,0.0001245,0.0014939999999999999
2026-01-18T10:45:57.194734,0.0,47.4,0.4227867126464844,8396.13037109375,12065.693359375,0.0036,0.0001245,0.0014939999999999999
2026-01-18T10:50:58.228202,0.0,46.5,0.415191650390625,8396.22412109375,12066.544921875,0.0036,0.0001245,0.0014939999999999999
2026-01-18T10:55:59.261681,2.5,45.7,0.40779876708984375,8396.34521484375,12067.240234375,0.0038099999999999996,0.00013176249999999996,0.0015811499999999997
2026-01-18T11:01:00.305257,0.0,45.7,0.4082450866699219,8396.34521484375,12068.111328125,0.0036,0.0001245,0.0014939999999999999
2026-01-18T11:06:01.450644,0.5,45.8,0.4084510803222656,8396.34521484375,12068.865234375,0.003642,0.00012595249999999998,0.0015114299999999998
2026-01-18T11:11:02.513168,0.0,45.7,0.4084281921386719,8396.34521484375,12069.513671875,0.0036,0.0001245,0.0014939999999999999
2026-01-18T11:16:03.552742,0.0,45.7,0.4079856872558594,8397.05517578125,12070.369140625,0.0036,0.0001245,0.0014939999999999999
2026-01-18T11:21:04.586807,0.0,45.7,0.4079475402832031,8397.05517578125,12071.306640625,0.0036,0.0001245,0.0014939999999999999
2026-01-18T11:26:05.620236,0.0,44.9,0.4004402160644531,8397.05517578125,12072.623046875,0.0036,0.0001245,0.0014939999999999999
2026-01-18T11:31:06.653651,0.0,44.2,0.3943328857421875,8397.05517578125,12074.486328125,0.0036,0.0001245,0.0014939999999999999
2026-01-18T11:36:07.689209,0.0,44.2,0.3947792053222656,8397.05517578125,12075.380859375,0.0036,0.0001245,0.0014939999999999999
2026-01-18T11:41:08.723125,0.0,44.5,0.3969078063964844,8397.05517578125,12076.044921875,0.0036,0.0001245,0.0014939999999999999
2026-01-18T11:46:09.757011,0.0,44.1,0.393463134765625,8397.05517578125,12077.115234375,0.0036,0.0001245,0.0014939999999999999
2026-01-18T11:51:10.790799,0.0,44.1,0.39368438720703125,8397.05517578125,12077.748046875,0.0036,0.0001245,0.0014939999999999999
2026-01-18T11:56:11.824859,0.0,44.1,0.39366912841796875,8397.05517578125,12078.400390625,0.0036,0.0001245,0.0014939999999999999
2026-01-18T12:01:12.858394,0.0,44.4,0.39626312255859375,8397.05908203125,12079.310546875,0.0036,0.0001245,0.0014939999999999999
2026-01-18T12:06:13.892706,0.0,44.4,0.3962364196777344,8397.05908203125,12080.087890625,0.0036,0.0001245,0.0014939999999999999
2026-01-18T12:11:14.926434,0.0,44.4,0.396820068359375,8397.16455078125,12080.767578125,0.0036,0.0001245,0.0014939999999999999
2026-01-18T12:16:15.960018,0.0,44.4,0.3967704772949219,8397.16455078125,12081.666015625,0.0036,0.0001245,0.0014939999999999999
2026-01-18T12:21:16.993675,0.0,44.5,0.3969688415527344,8397.16455078125,12082.599609375,0.0036,0.0001245,0.0014939999999999999
2026-01-18T12:26:18.035793,0.0,44.4,0.396575927734375,8397.16455078125,12083.458984375,0.0036,0.0001245,0.0014939999999999999
2026-01-18T12:31:19.069785,0.0,44.6,0.398223876953125,8397.16455078125,12084.134765625,0.0036,0.0001245,0.0014939999999999999
2026-01-18T12:36:20.105590,0.0,44.6,0.39820098876953125,8397.16455078125,12084.810546875,0.0036,0.0001245,0.0014939999999999999
2026-01-18T12:41:21.140284,0.0,44.6,0.3981781005859375,8397.16455078125,12085.587890625,0.0036,0.0001245,0.0014939999999999999
2026-01-18T12:46:22.174514,0.0,44.6,0.3981475830078125,8397.16455078125,12086.236328125,0.0036,0.0001245,0.0014939999999999999
2026-01-18T12:51:23.208710,0.0,44.6,0.3981208801269531,8397.16455078125,12086.912109375,0.0036,0.0001245,0.0014939999999999999
2026-01-18T12:56:24.242427,0.0,44.6,0.3982048034667969,8397.16455078125,12087.568359375,0.0036,0.0001245,0.0014939999999999999
2026-01-18T13:01:25.276539,0.0,44.7,0.39913177490234375,8397.16455078125,12088.509765625,0.0036,0.0001245,0.0014939999999999999
2026-01-18T13:06:26.310303,0.0,44.7,0.39908599853515625,8397.16455078125,12089.283203125,0.0036,0.0001245,0.0014939999999999999
2026-01-18T13:11:27.350547,0.0,44.7,0.3990440368652344,8397.16455078125,12090.173828125,0.0036,0.0001245,0.0014939999999999999
2026-01-18T13:16:28.384313,0.0,44.7,0.399017333984375,8397.16455078125,12090.830078125,0.0036,0.0001245,0.0014939999999999999
2026-01-18T13:21:29.418244,0.0,44.7,0.3992118835449219,8397.16455078125,12091.759765625,0.0036,0.0001245,0.0014939999999999999
2026-01-18T13:26:30.452456,0.0,44.7,0.3991813659667969,8397.16455078125,12092.466796875,0.0036,0.0001245,0.0014939999999999999
2026-01-18T13:31:31.486284,0.5,44.9,0.40091705322265625,8397.28564453125,12093.728515625,0.003642,0.00012595249999999998,0.0015114299999999998
2026-01-18T13:36:32.521005,0.0,44.9,0.4004478454589844,8397.84521484375,12094.638671875,0.0036,0.0001245,0.0014939999999999999
